Protein IDs,Protein names,Gene names,Razor + unique peptides,Unique sequence coverage [%],Mol. weight [kDa],Sequence length,Q-value,Score,Intensity,id,Peptide IDs,Evidence IDs,Best MS/MS
A0FGR8,Structural maintenance of chromosomes flexible hinge domain-containing protein 1 (SMC hinge domain-containing protein 1) (EC 3.6.1.-),SMCHD1 KIAA0650,2,3.4,102.36,2005,0.0,13.52,1073400,4,2721;4259,3143;4944,4991
A6NHR9,"Nascent polypeptide-associated complex subunit alpha, muscle-specific form (Alpha-NAC, muscle-specific form) (skNAC)",NACA,2,0.9,226.37,2078,0.0,12.627,435980,5,2770;5114,3198;5925,5065
Q99613,PDZ and LIM domain protein 1 (C-terminal LIM domain protein 1) (Elfin) (LIM domain protein CLP-36),PDLIM1 CLIM1 CLP36,4,5.4,105.34,329,0.0,27.847,1154000,7,985;1470;1767;2166,1140;1674;2037;2502,1825
E9PAV3,,,5,3.4,205.42,,0.0,56.926,14950000,18,584;2064;3346;3427;3968,681;2381;2382;3857;3858;3953;4563,1108
O00148,,,2,6.8,49.129,,0.0,13.976,600160,20,456;546;946;1641;1758;1898;2203;2976,535;639;1095;1895;2027;2188;2545;3428,873
O00151,,,3,12.8,36.071,,0.0,27.081,1422300,21,1475;1588;3701,1679;1823;4258,2649
O00159,,,5,7.5,121.68,,0.0,34.098,3075400,22,1612;2786;2789;3320;5037,1851;3216;3219;3826;5831,2932
O00203,,,2,2.0,121.32,,0.0,13.489,730140,24,322;1010,379;1165,621
O00231,,,2,7.8,47.463,,0.0,12.748,582390,26,1248;4716,1438;5469,2279
O00232,,,4,10.7,52.904,,0.0,35.819,3213800,27,1117;2899;4462;4892,1278;3347;5167;5670,2022
O00299,,,9,63.1,26.922,,0.0,74.345,9066000,29,83;850;1271;2067;2460;2511;2652;3467;4594,94;981;982;1461;2385;2386;2843;2906;3067;3068;3999;5327,144
O00303,,,4,17.4,37.563,,0.0,29.108,2764800,30,1285;2264;2657;4553,1475;2613;3074;5279,2335
O00410,,,19,30.1,123.63,,0.0,137.17,18498000,31,2;167;335;1025;1279;1407;1428;1886;2099;2308;2508;3375;3584;3737;3774;4108;4184;4418;4541,2;197;395;1180;1469;1604;1630;2174;2424;2661;2903;3889;4127;4298;4339;4735;4855;5118;5265,2
O00469,,,5,8.5,84.685,,0.0,32.435,1109300,33,42;1525;2333;2469;3716,50;1734;2689;2853;4276,77
O00571,,,6,11.9,73.243,,0.0,50.732,2574600,34,632;639;954;1987;2583;3178;3865,734;741;1105;2300;2983;3654;4440,1183
O14579,,,2,13.3,34.482,,0.0,11.281,1049900,36,714;2896,822;3344,1315
O14737,,,2,19.2,14.285,,0.0,15.275,528590,38,3460;4725,3991;5480,6293
O14818,,,4,25.0,27.887,,0.0,45.967,5290000,40,175;219;2993;3511,208;262;3449;4046,331
P19105,,,7,52.0,19.794,,0.0,92.86,8314700,43,355;798;987;1377;1693;2830;3269,416;417;924;1142;1573;1954;3270;3760,678
O14979,,,6,16.7,46.437,,0.0,49.637,7060700,44,652;1126;1529;1547;3145;4523,755;1287;1739;1762;3618;5243,1214
O14980,,,9,11.9,123.38,,0.0,73.617,4632100,45,1028;1078;1294;2527;2792;3023;3092;5119;5133,1183;1236;1484;2924;3222;3485;3561;5931;5948,1885
O15067,,,6,7.2,144.73,,0.0,39.385,2554600,46,252;1062;1590;1823;2937;3442,301;1219;1825;2101;3386;3970,491
O15143,,,3,13.4,40.949,,0.0,20.064,1172200,48,418;4049;4367,490;4661;5063,790
O15144,,,3,17.3,34.333,,0.0,19.551,1554200,49,1211;3164;4964,1390;3640;5751,2213
O15145,,,2,14.6,20.546,,0.0,16.763,824100,50,727;3525,840;4060,1347
O15260,,,2,8.6,30.394,,0.0,12.864,1353700,51,2510;3951,2905;4543,4612
O15371,,,7,20.1,63.972,,0.0,47.191,3067300,53,2096;3360;3412;4075;4234;5009;5049,2421;3872;3935;4690;4912;5803;5850,3870
O15372,,,3,9.7,39.93,,0.0,19.808,1390300,54,2615;3389;3459,3022;3904;3989;3990,4804
O43143,,,7,14.2,90.932,,0.0,47.109,3240700,57,678;1149;1335;1378;2529;3682;4324,784;1315;1526;1574;2927;4238;5012,1258
O43169,,,2,30.7,16.694,,0.0,16.599,1526200,58,1287;1733,1477;2002,2337
O43175,,,5,11.3,56.65,,0.0,35.105,1836600,59,643;1575;1771;2194;3270,745;1810;2041;2535;3761,1199
O43390,,,8,14.8,70.942,,0.0,51.635,5411700,60,144;656;769;911;912;1530;1833;2700;4748;4809,170;761;886;1052;1053;1740;1741;2116;3121;3122;5503;5577,271
O43399,,,2,12.1,22.237,,0.0,18.134,728140,61,4272;4457,4958;5161,7857
O43684,,,4,23.8,37.154,,0.0,32.709,2189500,65,1023;1369;4274;4657,1178;1564;4960;5399,1878
O43707,,,26,27.6,104.85,,0.0,214.25,33933000,66,27;192;321;468;636;773;886;1081;1153;1840;1871;1965;2033;2491;2940;3042;3097;3176;3324;3617;3903;4162;4196;4477;4531;4588,31;229;377;378;551;738;891;1018;1240;1320;2123;2124;2158;2271;2349;2884;3389;3507;3567;3652;3830;4164;4485;4486;4805;4869;5183;5184;5252;5321,44
O43747,,,2,3.9,91.35,,0.0,17.983,843650,67,988;3333,1143;3842,1829
O43776,,,5,14.1,62.942,,0.0,40.436,4051100,70,1923;2393;2818;3207;4582,2220;2221;2760;3256;3685;5315,3543
O43852,,,3,15.2,37.106,,0.0,19.489,4843600,74,851;855;4857,983;987;5633,1594
O60506,,,10,17.7,69.602,,0.0,79.129,8271800,79,144;624;768;875;1530;2699;2815;3361;4747;4808,170;725;884;885;1007;1740;1741;3119;3120;3252;3873;5502;5576,271
O60664,,,6,25.6,47.074,,0.0,43.124,2681600,81,577;2030;3717;4073;4243;4727,673;2346;4277;4687;4922;5482,1097
O60701,,,18,46.0,55.023,,0.0,146.24,23168000,82,331;397;792;2015;2089;2124;2125;2201;2222;2462;3182;3372;3373;4592;4618;4762;5017;5128,391;465;912;2330;2414;2451;2452;2542;2566;2845;3658;3886;3887;5325;5353;5521;5811;5941;5942,639
Q99880,,,3,7.9,13.952,,0.0,29.292,20215000,83,261;1066;2404,310;311;312;313;1223;2775,507
O60884,,,2,9.5,45.745,,0.0,16.931,2127500,86,927;2309,1072;2662,1721
O75083,,,8,27.1,66.193,,0.0,54.235,5192500,88,148;1163;1230;2650;4090;4493;4799;4920,177;1330;1411;3064;3065;4709;5202;5567;5701,286
O75122,,,2,1.5,141.06,,0.0012658,10.606,602390,89,2723;4459,3146;5164,4995
O75131,,,2,5.6,60.13,,0.0,12.353,635220,90,3812;4790,4384;5557,6886
O75340,,,2,9.9,21.868,,0.0,11.32,470100,91,2932;3890,3380;4470,5333
O75347,,,2,17.6,12.855,,0.0,11.981,664370,92,619;2544,720;2942,1162
O75369,,,61,38.1,278.16,,0.0,323.31,48904000,94,61;150;210;283;286;410;490;496;545;564;613;803;812;1031;1140;1307;1310;1387;1446;1660;1680;1710;1977;1986;2084;2086;2092;2249;2260;2536;2660;2753;2877;3043;3112;3482;3519;3541;3652;3678;3779;3973;3974;3975;4020;4111;4151;4439;4485;4644;4647;4675;4692;4739;4743;4746;4761;4921;5039;5089;5105,70;179;249;337;340;478;574;580;638;659;714;929;938;1186;1305;1498;1501;1583;1649;1919;1920;1941;1977;1978;2287;2288;2299;2409;2411;2417;2596;2609;2934;3077;3178;3325;3508;3509;3584;4015;4054;4078;4204;4234;4344;4345;4346;4568;4569;4570;4623;4738;4792;5142;5194;5383;5387;5419;5440;5494;5498;5501;5519;5520;5702;5833;5834;5835;5891;5912,106
O75390,,,3,7.7,51.712,,0.0,20.134,1233300,95,592;1684;2344,691;1945;2701,1123
O75436,,,2,6.4,38.169,,0.0,12.394,489270,96,2609;3687,3016;4243,4796
O75475,,,2,6.6,60.103,,0.0,12.062,1473700,97,1853;2867;3406,2139;3311;3312;3924,3401
O75494,,,2,10.3,31.3,,0.0,14.188,1336200,98,1528;4972,1738;5760,2735
O75531,,,3,48.3,10.058,,0.0,20.023,2159700,100,424;512;556,497;600;650,805
O75643,,,7,6.0,244.5,,0.0,57.615,3582600,103,579;1334;1651;1662;1797;2029;3723,675;1525;1907;1922;2069;2345;4284,1100
O75694,,,3,2.2,155.2,,0.0,16.687,417130,105,2470;3560;5036,2854;4099;5830,4525
O75717,,,2,2.3,125.97,,0.0,11.674,966270,106,3523;3807,4058;4378;4379,6396
O75821,,,3,12.8,35.611,,0.0,22.122,674210,107,834;945;2863,964;1094;3306,1561
O75874,,,2,5.6,46.659,,0.0,16.763,619290,108,2157;2283,2490;2634,3994
O75915,,,2,16.0,21.614,,0.0,18.298,803250,109,406;4286,474;4972,763
O75937,,,2,14.6,29.841,,0.0,13.149,1088300,110,2592;2985,2993;3440,4745
O75947,,,3,22.4,18.491,,0.0,19.283,782670,111,2461;3797;4079,2844;4366;4694,4513
O76003,,,7,31.6,37.432,,0.0,55.712,22962000,114,14;332;961;1863;1952;2545;4947,17;18;392;1113;2149;2256;2943;5732,24
O76021,,,2,5.1,54.972,,0.0,14.243,1068500,115,2796;4353,3226;5047,5102
O94925,,,11,26.9,73.46,,0.0,86.648,8644500,118,479;562;1196;1366;1610;1756;2612;2977;3089;3309;4914,562;657;1374;1560;1849;2025;3019;3429;3558;3814;5695,912
O94973,,,2,5.1,103.96,,0.0,12.251,3945600,119,2014;3692,2329;4248,3732
O95232,,,3,10.0,51.466,,0.0,18.628,595320,122,2057;5026;5135,2374;5820;5951,3800
O95336,,,2,15.1,27.547,,0.0,11.787,2126000,124,26;4342,30;5032,43
O95373,,,4,5.0,119.52,,0.0,30.03,1475300,125,164;1021;1130;3445,194;1176;1295;3974,312
O95433,,,4,20.7,38.274,,0.0,30.365,2344400,126,1073;1250;1594;4217,1230;1440;1830;4893,1953
O95757,,,2,4.9,94.511,,0.0,13.799,994220,129,1029;1467;2817;5008,1184;1671;3254;3255;5802,1887
O95816,,,3,19.9,23.772,,0.0,24.565,2184400,130,923;1341;2740,1066;1067;1532;3164,1714
O95881,,,2,30.8,19.206,,0.0,13.15,2332200,131,1143;4969,1308;5756,2071
P00338,,,15,61.4,36.688,,0.0,116.1,102640000,134,526;610;704;780;1259;1517;1860;2643;2764;3016;3732;3781;4223;4555;4755,616;710;711;812;898;1449;1722;1723;1724;2146;3053;3054;3191;3192;3477;4293;4348;4899;4900;5281;5511,1009
P49448,,,2,3.6,61.433,,0.0,13.107,424650,135,522;3244,612;3731,1003
P00387,,,3,14.0,34.234,,0.0,20.739,901620,136,273;1719;4043,326;1987;4651,534
P00390,,,9,40.8,56.256,,0.0,61.408,3893500,137,57;224;1589;2541;2820;3610;4674;4783;5102,66;267;1824;2939;3258;4155;5418;5544;5908,101
P00441,,,6,60.4,15.936,,0.0,44.192,15020000,140,565;1485;1676;1983;1984;2466,660;1689;1936;1937;2295;2296;2297;2849,1079
P00491,,,7,31.8,32.118,,0.0,48.81,4291700,141,1214;1251;1966;3006;3475;4503;4505,1394;1441;2272;3466;4008;5214;5216,2218
P00492,,,6,41.3,24.579,,0.0,47.582,5532800,142,1215;1414;3500;3976;4256;4551,1395;1611;4035;4571;4941;5277,2219
P00505,,,4,10.5,47.517,,0.0,23.758,1909100,143,1413;2007;3408;3568,1610;2322;3927;4107,2542
P00533,,,2,1.5,134.28,,0.0,11.046,448310,144,2603;4871,3005;5648,4762
P00558,,,17,52.5,44.614,,0.0,163.79,23509000,145,41;208;228;1170;1471;2316;2317;2633;3530;3650;4072;4427;4631;4635;4678;4730;5091,48;49;246;272;1337;1675;2671;2672;3042;4065;4201;4202;4686;5128;5368;5373;5374;5422;5485;5893,74
P01889,,,2,3.9,40.46,,0.0,15.597,2209500,148,291;1264;4825,345;1454;5594,567
P02545,,,26,52.3,74.139,,0.0,179.47,14769000,149,38;145;303;314;617;618;788;835;2054;2306;2467;2478;2506;2543;3218;3355;3466;3681;3870;3922;3955;4057;4071;4104;4214;4412,45;171;357;369;718;719;908;965;2371;2659;2850;2862;2901;2941;3697;3698;3867;3997;3998;4237;4446;4511;4549;4670;4685;4727;4889;4890;5112,67
P02786,,,14,25.3,84.87,,0.0,105.04,5570500,150,536;712;1565;2193;2501;2602;2778;2974;3058;3783;4010;4401;4488;4723,629;820;1798;2534;2895;3004;3208;3426;3526;4351;4612;5098;5197;5476,1034
P04075,,,19,67.0,39.42,,0.0,166.43,87974000,155,49;188;234;238;995;1359;1615;1820;2110;2916;2917;3581;3663;4351;4581;4687;4922;4923;5104,58;224;279;283;284;1150;1552;1553;1855;2097;2098;2436;3364;3365;4124;4217;5042;5043;5044;5045;5314;5431;5432;5703;5704;5910;5911,90
P04080,,,3,45.9,11.139,,0.0,22.453,1894200,156,4000;4519;4539,4602;5238;5239;5263,7236
P04083,,,13,50.9,38.714,,0.0,149.32,26847000,157,243;266;604;1579;1656;1765;1790;3264;3520;3593;3822;3836;4270,289;290;318;703;1814;1913;1914;2034;2060;2061;3755;4055;4138;4395;4409;4956,464
P04179,,,3,16.7,24.75,,0.0,22.947,5295600,159,177;1515;1909,210;211;1720;2201,337
P04181,,,3,15.3,48.534,,0.0,18.748,2925000,160,239;1638;4862,285;1891;5638,457
P04406,,,12,60.9,36.053,,0.0,124.27,153310000,162,1454;1617;2148;2689;2973;3019;4530;4556;4557;4711;4772;4845,1657;1857;1858;1859;1860;1861;1862;1863;1864;1865;2480;2481;3108;3109;3425;3480;3481;5251;5282;5283;5284;5285;5286;5287;5462;5532;5533;5615;5616;5617;5618;5619;5620;5621,2619
P04632,,,3,18.3,28.315,,0.0,19.213,6141100,164,3149;3875;4121,3622;3623;4451;4752,5716
P04792,,,4,25.9,22.782,,0.0,26.4,1620300,165,1722;2595;2859;4731,1990;2996;3302;5486,3154
P04843,,,13,34.9,68.569,,0.0,95.382,15274000,166,244;271;353;1322;1392;1505;2298;3340;3400;3628;3824;4178;4741,291;323;324;414;1513;1589;1709;2650;2651;3849;3916;3917;4176;4397;4848;5496,466
P04844,,,6,14.6,69.283,,0.0,48.705,3348800,167,1209;2297;2920;3438;3904;4301,1388;2649;3368;3965;4487;4987;4988,2209
Q99878,,,3,14.8,13.936,,0.0,28.48,5956900,169,141;1938;4752,167;2241;5507;5508,268
P05023,,,6,6.9,112.89,,0.0,36.185,1845700,170,357;379;1799;2681;2943;4977,419;443;2071;3099;3392;5765;5766,682
P05141,,,2,8.4,32.852,,0.0,14.878,1541300,172,39;1036;1762;2776;4963,46;1191;2031;3204;3205;5750,68
P05198,,,10,34.9,36.112,,0.0,81.154,3885300,174,1017;1103;1319;1798;1979;1980;3298;3763;4797;5118,1172;1264;1510;2070;2290;2291;3802;4327;5564;5930,1867
P05362,,,4,10.9,57.825,,0.0,32.582,2310200,175,1027;1581;4154;4467,1182;1816;4795;5173,1884
P05386,,,2,51.8,11.514,,0.0,15.307,6394200,176,17;189,21;225;226,29
P05387,,,5,69.6,11.665,,0.0,49.293,12088000,177,2172;2173;2494;3339;5110,2511;2512;2887;2888;3848;5918;5919,4021
P05388,,,7,31.2,34.273,,0.0,58.715,9537900,178,118;440;663;1699;1770;2146;4584,136;514;769;1963;2040;2478;5317,207
P05455,,,9,25.0,46.836,,0.0,67.211,9304100,179,94;833;1072;1108;1356;1752;2037;2520;4994,109;963;1229;1269;1549;2021;2353;2917;5787,169
P05556,,,11,19.9,88.414,,0.0,92.791,10023000,180,1166;1332;1865;2706;2799;2933;2936;3792;3929;3959;4835,1333;1523;2151;3128;3229;3381;3384;3385;4361;4518;4554;5604,2108
P05783,,,17,42.6,48.057,,0.0,124.67,17532000,181,765;1576;2339;2496;2546;2728;2905;3575;3588;3702;3927;4352;4544;4580;4917;4954;5129,881;1811;2696;2890;2944;3151;3353;4116;4117;4118;4132;4259;4516;5046;5268;5313;5698;5739;5943,1402
P06454,,,2,21.6,12.203,,0.0,14.541,1750800,183,1110;3802,1271;4373,2013
P06576,,,19,62.2,56.559,,0.0,164.26,68862000,185,149;158;699;888;1292;1385;1561;1753;2210;2215;2255;2256;3024;3616;4181;4346;4398;4399;4771,178;188;806;1020;1482;1581;1793;1794;2022;2552;2557;2602;2603;2604;3486;3487;4163;4852;5036;5037;5095;5096;5531,287
P06703,,,2,16.7,10.18,,0.0,12.301,2656700,186,2805;2894,3236;3342,5117
P06733,,,15,47.9,47.168,,0.0,179.03,176340000,187,37;504;782;1375;1697;1912;2066;2107;2482;2489;2812;3861;4691;4786;4990,43;44;590;900;901;902;1570;1961;2205;2206;2384;2432;2433;2866;2867;2868;2869;2870;2871;2872;2881;2882;3247;3248;3249;4435;5439;5547;5548;5549;5550;5551;5552;5783,61
P06737,,,15,22.8,97.147,,0.0,108.29,12079000,188,589;1123;1135;1370;1451;1928;1931;2658;2708;3012;4490;4549;4564;4850;4865,687;1284;1300;1565;1654;2226;2231;3075;3130;3473;5199;5274;5295;5626;5641;5642,1115
P06744,,,17,46.1,63.146,,0.0,152.36,36518000,189,388;1118;1137;1895;2078;2189;2240;3167;3401;3964;3970;4164;4200;4209;4430;4500;4813,455;1279;1302;2185;2401;2528;2529;2587;3643;3918;4559;4565;4807;4808;4873;4883;4884;5132;5210;5581,740
P06748,,,7,30.6,32.575,,0.0,68.083,36997000,190,534;1721;2795;3232;3235;4442;4754,625;626;627;1989;3225;3716;3717;3720;3721;3722;5145;5146;5510,1025
P06753,,,3,11.2,32.95,,0.0,26.821,10000000,191,8;2271;3014;3134,10;2621;3475;3607,13
Q8N257,,,2,7.9,13.908,,0.0,11.123,2171000,192,261;1065;2403,310;311;312;313;1222;2774,507
P07195,,,11,41.6,36.638,,0.0,90.214,26983000,194,1260;1516;1678;1689;2326;2360;2662;2697;3258;3780;3909;4555,1450;1721;1939;1950;2682;2717;3080;3117;3746;4347;4495;4496;5281,2298
P07237,,,19,52.2,57.116,,0.0,163.41,23465000,195,571;791;1022;1278;1954;2163;2164;2176;2180;2691;3118;3313;3623;3957;4172;4173;4341;4424;4996,667;911;1177;1468;2258;2499;2500;2515;2519;3111;3591;3818;4170;4171;4551;4552;4816;4817;4818;5031;5124;5125;5789,1089
P07339,,,2,5.8,44.552,,0.0,17.887,1052700,196,1180;3000,1357;3458,2157
P07355,,,21,68.4,38.604,,0.0,199.86,158190000,197,79;227;423;498;590;591;655;1489;1654;1791;2819;2946;3599;3750;3788;3949;4048;4094;4262;4271;4855,89;90;271;496;582;688;689;690;760;1693;1910;1911;2062;2063;3257;3395;3396;4144;4311;4356;4357;4540;4660;4713;4714;4947;4948;4957;5631,137
P07384,,,6,12.9,81.889,,0.0,45.809,3334600,198,658;3007;3069;3124;3771;4879,764;3467;3537;3597;4336;5657,1234
P07437,,,5,16.0,49.67,,0.0,82.188,87555000,199,171;247;1090;1321;1419;1597;2214;2281;2301;2504;2649;2990;3103;3413;3469;3873;4112;4724;5030,202;203;204;295;296;1250;1251;1512;1617;1618;1619;1835;2556;2631;2632;2654;2898;2899;3061;3062;3063;3445;3446;3574;3575;3936;4001;4002;4449;4739;4740;4741;5477;5478;5479;5824,324
P07602,,,4,12.6,58.112,,0.0,28.796,46732000,200,930;3595;3607;3819,1077;4140;4152;4392,1731
P07711,,,2,11.1,37.564,,0.0,14.853,978130,201,364;3472,427;4005,693
P07741,,,5,41.7,19.608,,0.0,46.226,4710100,203,2060;2487;2864;3866;4805,2377;2879;3307;4441;5573,3803
P07814,,,19,19.3,170.59,,0.0,145.06,13338000,204,697;1045;1100;1146;1538;2224;2840;2992;2996;3139;3390;3618;3912;3947;4137;4177;4409;4841;5138,804;1200;1261;1311;1312;1753;2568;3282;3448;3452;3453;3612;3905;4165;4499;4538;4777;4847;5108;5109;5610;5954,1288
P07858,,,2,7.4,37.821,,0.0012674,10.622,333660,205,596;1730,695;1998,1128
P07900,,,20,34.2,84.659,,0.0,188.93,149690000,206,66;221;277;451;452;679;707;840;885;978;982;1426;1817;1893;1906;1921;1930;1949;1970;2413;2640;3048;3430;3751;3941;4508;4558;4953;4981;5139,76;264;330;529;530;785;815;970;1017;1133;1137;1628;2092;2093;2182;2183;2197;2198;2217;2218;2229;2230;2253;2277;2278;2785;2786;3050;3515;3516;3956;4312;4531;4532;5219;5220;5221;5222;5223;5288;5738;5772;5773;5955,115
P07910,,,5,19.0,33.67,,0.0,37.143,4071500,207,1522;3156;4446;4507;4709,1729;3631;5150;5218;5460,2721
P07954,,,4,19.6,54.636,,0.0,31.899,4437300,209,1070;2816;2823;3997,1227;3253;3261;4598,1947
P08133,,,5,8.2,75.872,,0.0,35.305,2733400,210,214;454;489;805;1655,254;532;573;931;1912,403
P08195,,,7,15.1,67.993,,0.0,49.002,2038700,211,67;637;826;1518;1740;4388;4830,77;739;956;1725;2009;5085;5599,117
P08238,,,30,31.8,83.263,,0.0,298.75,370260000,212,66;220;275;276;450;680;840;885;981;1042;1423;1536;1817;1893;1929;1949;2045;2414;2641;3044;3431;3758;3905;3941;4246;4509;4558;4953;4978;4981,76;263;328;329;528;786;970;1017;1136;1197;1624;1747;1748;1749;1750;1751;2092;2093;2182;2183;2227;2228;2253;2362;2787;3051;3510;3511;3957;3958;4321;4488;4531;4532;4926;4927;5224;5225;5226;5227;5228;5288;5738;5767;5768;5769;5772;5773,115
P08243,,,8,20.5,64.369,,0.0,57.377,7260300,213,74;1006;1372;2195;2505;3478;4429;4853,84;1161;1567;2536;2900;4011;5130;5131;5629,125
P08574,,,2,11.1,35.422,,0.0,12.858,606960,214,1666;1903,1926;2194,3062
P08670,,,20,51.3,53.651,,0.0,176.94,13916000,216,671;844;1009;1132;1141;1157;2188;2286;2454;2646;2785;2897;2898;3093;3142;3388;3730;3946;4471;4481,777;974;1164;1297;1306;1324;2527;2637;2835;2836;3057;3058;3215;3345;3346;3562;3615;3903;4291;4537;5177;5188,1248
P08708,,,3,40.7,15.55,,0.0,35.22,3656600,217,681;2722;4419,787;3144;3145;5119,1264
P08758,,,16,62.2,35.936,,0.0,142.04,23382000,218,222;683;1080;1265;1447;1657;1781;2692;2693;3068;3310;3735;3833;3896;4649;5045,265;789;1238;1239;1455;1650;1915;1916;2051;3112;3113;3536;3815;4296;4406;4477;4478;5389;5845,425
P08865,,,13,52.9,32.854,,0.0,93.708,27552000,219,60;176;684;901;902;903;1136;1267;1384;2443;3806;3869;5112,69;209;790;1037;1038;1039;1040;1041;1042;1301;1457;1580;2822;2823;4377;4445;5923,104
P09211,,,9,61.0,23.356,,0.0,82.759,9659100,222,119;233;706;864;1327;3183;3561;4988;4989,137;278;814;996;1518;3659;4100;5780;5781;5782,208
P09382,,,4,50.4,14.716,,0.0,37.36,4343600,224,44;815;2838;2855,52;53;941;942;3279;3280;3298,80
P09429,,,8,38.6,24.893,,0.0,56.229,8407800,225,1513;1639;1955;2162;2416;2636;3230;3767,1717;1718;1892;2259;2498;2790;3046;3713;3714;4331;4332,2704
P09496,,,2,6.9,27.076,,0.0,11.315,589290,227,965;2548,1117;2946,1793
P09525,,,6,26.6,35.882,,0.0,44.173,1991000,228,30;1448;1652;1653;3335;3851,34;1651;1908;1909;3844;4425,49
P09651,,,7,12.4,38.746,,0.0,105.37,74738000,229,775;1523;1553;2082;2607;3877;4012,893;1730;1731;1770;1771;1772;1773;1774;1775;1776;1777;1778;1779;1780;1781;1782;1783;1784;2405;2406;3009;3010;3011;3012;3013;4453;4454;4455;4614,1423
P09874,,,14,18.8,113.08,,0.0,93.965,5263800,231,102;265;325;1434;1436;1637;3091;3159;3480;3804;3938;4320;4385;4520,117;317;382;1636;1638;1890;3560;3634;4013;4375;4528;5008;5082;5240,180
P09936,,,6,45.3,24.824,,0.0,45.529,11868000,232,1349;3211;3215;3296;3704;4680,1542;3690;3694;3799;3800;4261;5424,2440
P09960,,,7,19.3,69.284,,0.0,59.701,4359200,233,823;3049;3527;3794;3940;4002;4362,952;3517;4062;4363;4530;4604;5057;5058,1547
P0DMV9,,,16,19.0,70.051,,0.0,122.15,19589000,235,5;133;298;339;494;908;1201;1232;1999;2142;2783;3029;3273;3453;3708;3893;4323,6;158;159;352;399;578;1048;1049;1379;1413;2312;2472;3213;3492;3764;3983;4265;4266;4473;5011,7
P0DP25,,,2,14.1,16.837,,0.0,14.76,3787300,236,70;799,80;925,121
P10155,,,4,10.6,60.67,,0.0,23.037,1168300,238,533;3129;4264;4299,624;3602;4950;4985,1022
P10321,,,4,7.1,40.648,,0.0,33.048,2482500,239,292;421;558;1264,346;493;652;1454,570
P10412,,,3,7.3,21.865,,0.0,21.862,8984500,240,183;318;3849,219;374;4423,349
P10599,,,8,88.6,11.737,,0.0,62.241,12106000,243,458;940;2549;3056;3161;4102;4526;5095,537;1089;2947;3524;3636;3637;4725;5246;5898;5899;5900,876
P10768,,,3,18.8,31.462,,0.0,19.803,1320500,245,123;3266;4067,141;3757;4681,215
P10809,,,26,65.8,61.054,,0.0,269.81,193780000,246,33;229;434;445;516;657;917;1806;1807;1848;2113;2216;2242;2267;2295;2439;2930;3036;3271;3695;4105;4106;4232;4343;4529;4744,37;38;273;274;507;508;520;605;762;763;1058;2078;2079;2080;2081;2134;2439;2558;2559;2589;2616;2617;2647;2813;2814;2815;2816;3378;3500;3501;3762;4251;4728;4729;4730;4731;4732;4910;5033;5250;5499,53
P11021,,,21,41.1,72.332,,0.0,180.77,31480000,247,181;493;668;964;1068;1203;2076;2083;2140;2141;2321;2444;3073;3449;3808;3992;4148;4207;4368;4596;4661;4751,216;217;577;774;1116;1225;1381;2397;2398;2399;2407;2408;2469;2470;2471;2677;2824;3541;3978;4380;4590;4591;4788;4789;4881;5064;5329;5403;5506,346
P11142,,,25,55.4,70.897,,0.0,231.61,82747000,248,492;676;907;1174;1202;1702;1773;1810;1998;2140;2782;3079;3251;3454;3461;3709;3755;3844;3868;3894;3993;4027;4241;4323;4356,576;782;1047;1342;1380;1966;2043;2084;2311;2469;2470;3212;3547;3738;3739;3984;3992;4267;4268;4316;4317;4417;4443;4444;4474;4475;4592;4593;4631;4632;4919;4920;5011;5050;5051,934
P11387,,,4,8.0,90.725,,0.0,22.909,1992000,253,359;3872;4465;4905,421;4448;5171;5685,684
P11388,,,4,3.3,174.38,,0.0,30.627,820410,254,980;1273;2090;3219,1135;1463;2415;3699,1817
P11413,,,16,40.0,59.256,,0.0,119.25,10653000,255,446;669;1582;1724;1850;2094;2437;2552;2631;2684;2704;2846;2901;2991;3341;3474,521;775;1817;1992;2136;2419;2811;2950;3039;3040;3102;3126;3288;3349;3447;3850;4007,851
P11586,,,16,21.4,101.53,,0.0,102.61,6811600,256,28;419;1491;1520;1811;2313;2476;2525;3143;4127;4129;4290;4625;4781;4875;5121,32;491;1695;1727;2085;2667;2860;2922;3616;4758;4760;4976;5360;5542;5652;5933,45
P11940,,,13,14.2,70.67,,0.0,91.117,8872500,258,196;877;1365;1545;1548;1844;2311;2328;3317;3363;3552;3930;5071,234;1009;1559;1760;1763;2129;2665;2684;3823;3875;4089;4519;5873,370
P12004,,,4,32.2,28.768,,0.0,37.94,2833000,259,80;646;2803;2951,91;748;3234;3401,140
P12236,,,7,21.8,32.866,,0.0,55.967,9851800,260,40;544;1036;1441;2776;4956;4963,47;637;1191;1644;3204;3205;5741;5742;5750,70
P12268,,,3,8.6,55.804,,0.0,21.519,3980100,261,581;2869;3010,677;678;3314;3315;3471,1103
P12277,,,15,68.0,42.644,,0.0,145.29,40486000,263,625;772;1172;1317;1531;1768;2502;2584;2757;3907;3954;4044;4126;4156;4653,726;889;890;1340;1508;1742;2038;2896;2984;3183;4491;4492;4546;4547;4548;4652;4653;4654;4757;4797;4798;5394,1171
P12429,,,11,45.5,36.375,,0.0,91.339,5866000,264,223;324;781;1450;1492;1609;2005;3818;3834;3924;4848,266;381;899;1653;1696;1848;2320;4391;4407;4513;5624,426
P12814,,,9,16.4,103.06,,0.0,91.194,9747500,265,192;321;468;636;886;1153;1628;1840;1871;2034;2052;2491;2741;3175;3256;3501;4162;4196;4478;4531;4589,229;377;378;551;738;1018;1320;1878;2123;2124;2158;2350;2369;2884;3165;3166;3651;3744;4036;4805;4869;5185;5252;5322,364
P12956,,,13,29.4,69.842,,0.0,97.971,22054000,266,631;717;728;1004;1175;1389;2178;2275;2436;3356;3368;3817;4158,733;825;841;1159;1343;1344;1585;2517;2625;2810;3868;3882;4390;4801,1181
P13010,,,11,28.1,82.704,,0.0,78.55,33153000,267,708;1087;1913;1935;2272;2618;3720;3994;4130;4141;4369,816;1247;2207;2235;2236;2237;2622;3025;4280;4281;4594;4595;4761;4781;5065,1308
P13073,,,2,13.6,19.576,,0.0,13.55,521690,268,333;3823,393;4396,642
P13489,,,6,21.3,49.973,,0.0,52.556,1933700,269,996;999;2516;2718;4658;4686,1151;1154;2913;3140;5400;5430,1839
P13639,,,35,53.3,95.337,,0.0,276.96,226550000,270,218;311;422;436;455;620;621;723;879;884;1083;1574;1595;1714;1814;2212;2362;2395;2451;2807;3417;3615;3962;3963;4028;4039;4149;4194;4494;4521;4681;4868;4955;4957;5116,260;261;366;494;495;510;533;534;721;722;836;1011;1016;1242;1809;1831;1832;1982;2089;2554;2719;2720;2763;2832;3238;3239;3240;3241;3242;3942;3943;4162;4557;4558;4633;4634;4635;4647;4790;4866;5203;5241;5425;5645;5740;5743;5927;5928,418
P13667,,,15,32.4,72.932,,0.0,108.7,6235900,271,628;1106;1156;1195;1249;1519;2039;2390;3105;3878;4150;4423;4735;4916;4971,729;1267;1323;1372;1373;1439;1726;2355;2757;3577;4456;4791;5123;5490;5697;5759,1175
P13674,,,3,9.0,61.049,,0.0,26.198,1698900,272,1245;2849;4416,1435;3292;5116,2276
P13693,,,3,19.8,19.595,,0.0,24.291,2991700,273,629;905;1916,730;731;1045;2211,1177
P13797,,,8,17.1,70.81,,0.0,53.507,2272900,274,382;415;2046;2836;3627;4828;4912;5056,447;484;2363;3277;4175;5597;5692;5857,727
P14174,,,3,35.7,12.476,,0.0,26.138,15919000,278,2719;3555;4816,3141;4092;5584;5585,4986
P14314,,,6,16.3,59.425,,0.0,41.848,1922200,279,305;438;1052;1079;2674;4950,360;512;1208;1237;3092;5735,591
P14324,,,3,12.2,48.275,,0.0,21.98,1372100,280,473;1735;3596,556;2004;4141,905
P14550,,,2,9.8,36.573,,0.0,13.071,1483900,281,411;3212,479;3691,769
P14618,,,31,65.5,57.936,,0.0,322.01,183520000,282,88;138;280;426;427;696;793;794;1176;1241;1440;1490;1605;1606;1751;1808;2315;2379;2410;2486;2526;2829;3479;3542;3569;3570;3756;3908;4109;4110;4679,101;102;164;333;499;500;802;803;913;914;915;916;917;918;919;920;1345;1346;1347;1348;1423;1424;1425;1426;1427;1428;1429;1430;1642;1643;1694;1844;1845;2020;2082;2669;2670;2745;2746;2782;2877;2878;2923;3268;3269;4012;4079;4108;4109;4318;4319;4493;4494;4736;4737;5423,160
P14625,,,25,34.7,92.468,,0.0,192.27,35690000,283,603;796;845;868;981;1145;1343;1647;1777;1816;1841;1842;2009;2368;2412;2680;2947;2968;3380;3891;4142;4143;4358;4359;4510;5096,702;922;975;1000;1136;1310;1534;1535;1902;2047;2091;2125;2126;2127;2324;2729;2784;3098;3397;3419;3895;4471;4782;4783;5053;5054;5229;5901;5902,1136
P14735,,,2,2.6,117.97,,0.0,14.046,593480,285,3403;5124,3920;5937,6150
P14854,,,2,26.7,10.192,,0.0,13.7,1096100,286,1569;3286,1802;3778,2853
P14866,,,4,17.3,64.132,,0.0,25.729,4185800,287,3440;3587;3803;4973,3967;4130;4131;4374;5761,6255
P14868,,,8,20.0,57.136,,0.0,54.904,2380900,288,55;926;1051;1345;2147;2380;2591;2872,64;1071;1207;1537;2479;2747;2992;3318,99
P15121,,,6,30.1,35.853,,0.0,40.514,2890900,289,165;2540;3754;4309;4495;4995,195;2938;4315;4996;5204;5205;5788,313
P15311,,,7,16.0,69.412,,0.0,56.755,4043600,291,237;272;1115;1763;2025;2111;2392;2434;2601;3657;3665;3988,282;325;1276;2032;2341;2437;2759;2808;3003;4210;4219;4586,452
P15531,,,8,34.9,17.149,,0.0,56.897,17507000,292,709;1300;1480;1681;3343;4152;4665;5040,817;1490;1684;1942;3852;3853;4793;5407;5408;5836;5837,1310
P15559,,,8,35.4,30.867,,0.0,67.654,17793000,293,216;883;1239;1826;2270;2411;2698;4506,256;257;258;1015;1421;2104;2105;2106;2620;2783;3118;5217,408
P15880,,,8,35.5,31.324,,0.0,73.274,26840000,295,128;1049;1474;1769;2777;3920;3983;4380,146;147;1205;1678;2039;3206;3207;4508;4509;4579;4580;5077,225
P16152,,,6,35.0,30.375,,0.0,48.336,3556500,297,1254;1607;1729;3971;4009;4387,1444;1846;1997;4566;4611;5084,2285
P16401,,,3,17.3,22.58,,0.0,22.425,2322100,299,185;348;3850,221;409;4424,352
P16615,,,6,7.8,114.76,,0.0,44.613,2192900,301,867;3205;3268;3411;4107;4444,999;3683;3759;3934;4733;4734;5148,1616
P16949,,,3,16.8,17.302,,0.0,21.709,2505800,302,319;648;1061,375;750;1218,616
P17174,,,2,10.7,46.247,,0.0,14.392,1884100,304,2022;4280,2338;4966,3748
P17655,,,12,32.0,79.994,,0.0,91.387,5967200,307,559;878;1586;2381;2558;3153;3208;3297;3446;3510;3770;5021,653;1010;1821;2748;2956;3628;3686;3801;3975;4045;4335;5815,1070
P17844,,,10,23.5,69.147,,0.0,67.367,13837000,309,281;766;1400;1484;1795;2787;2806;3178;3573;3680;3705;3731;4204;4242;4327,334;882;1597;1688;2067;3217;3237;3654;4113;4114;4236;4262;4292;4877;4921;5016,550
P17858,,,3,8.6,85.018,,0.0,23.027,1154500,310,168;442;3854;4167;4378,198;516;4428;4811;5075,316
P17931,,,2,10.4,26.152,,0.0,11.712,485610,311,2274;3181,2624;3657,4200
P17980,,,6,26.4,49.203,,0.0,49.027,5563400,312,259;285;724;3643;3715;4235,308;339;837;4192;4275;4913,500
P17987,,,11,27.5,60.343,,0.0,71.051,3246600,313,116;316;1164;1456;3131;3995;4015;4851;4968;4985;5066,134;371;1331;1659;3604;4596;4618;5627;5755;5777;5868,205
P18085,,,2,12.8,20.511,,0.0,13.565,957640,314,2001;2002;2192;2635;3185;3601,2314;2315;2316;2317;2532;2533;3044;3045;3662;4146,3715
P18124,,,3,10.9,29.225,,0.0,17.85,1965600,315,810;3638;4062,936;4186;4675,1518
P18206,,,10,11.9,123.8,,0.0,75.309,3749500,316,190;306;358;693;1082;1619;3096;3437;4642;4666,227;361;420;799;1241;1867;1868;3566;3964;5381;5409,361
P18621,,,5,33.7,21.397,,0.0,41.235,9152300,317,1644;2236;3738;3782;5090,1898;1899;2583;4299;4349;4350;5892,3018
P18669,,,12,65.4,28.804,,0.0,92.669,17779000,318,232;495;1357;1901;1927;2004;3378;3558;4082;4615;4910;4911,277;579;1550;2191;2192;2225;2319;3892;3893;4097;4698;5349;5350;5690;5691,446
P19338,,,12,21.7,76.613,,0.0,113.34,28777000,321,205;809;1096;1243;1546;1599;1673;1831;3290;3900;4250;4464,243;935;1257;1432;1761;1837;1933;2112;2113;3788;4482;4931;4932;4933;5169;5170,385
P19367,,,4,5.3,102.48,,0.0,27.726,1189400,322,1481;2041;2929;3169,1685;2358;3377;3645,2658
P20042,,,5,20.4,38.388,,0.0,32.558,1867300,325,500;784;1095;2091;4302,585;904;1256;2416;4989,947
P20073,,,8,18.9,52.739,,0.0,55.037,2428400,326,876;1555;2642;2768;3513;3835;4220;4616,1008;1786;3052;3196;4048;4408;4896;5351,1627
P20340,,,3,16.8,23.593,,0.0,21.286,2323000,330,991;1748;2906,1146;2017;3354,1833
P20618,,,4,19.1,26.489,,0.0,25.547,1563800,331,739;760;1464;3415,853;875;1667;3940,1366
P20674,,,3,26.7,16.762,,0.0,18.656,2373800,333,1621;2822;4903,1870;3260;5683,2973
P20700,,,4,10.8,66.408,,0.0,24.23,2277300,334,89;253;2268;4317,103;302;2618;5005,163
P21291,,,4,33.2,20.567,,0.0,24.713,2134900,336,1541;1846;3367;4360,1756;2131;3881;5055,2766
P21333,,,33,20.6,280.74,,0.0,236.82,20238000,337,78;86;114;268;409;474;735;802;852;891;1308;1449;1679;1778;1972;2024;2660;2753;2879;2995;3084;3678;3778;3784;4160;4402;4476;4693;4722;4742;4760;4765;4846;5048;5106;5127,88;99;132;320;477;557;848;928;984;1023;1499;1652;1940;2048;2281;2340;3077;3178;3327;3451;3552;4234;4343;4352;4803;5099;5182;5441;5475;5497;5517;5518;5524;5622;5849;5913;5940,134
P21399,,,2,4.0,98.398,,0.0,13.395,884110,338,1394;4559,1591;5289;5290,2514
P21796,,,9,48.1,30.772,,0.0,98.779,8638100,339,898;2427;2970;2978;3842;4119;4758;4894;5072,1033;2801;3421;3430;4415;4749;5515;5672;5874,1662
P21964,,,2,11.1,30.037,,0.0,16.756,1627700,341,4939;5022,5723;5816,9153
P21980,,,23,54.1,77.328,,0.0,192.44,100540000,342,82;225;432;453;505;515;1738;2471;2998;3053;3115;3300;3507;3613;3830;4064;4335;4354;4794;4798;4833;4929;5015,93;268;269;505;531;591;592;604;2007;2855;3455;3521;3587;3804;4042;4159;4160;4403;4678;5025;5048;5561;5565;5566;5602;5710;5711;5712;5809,143
P22102,,,7,14.3,107.77,,0.0,51.349,7354800,346,127;159;1796;2072;2733;4332;4440,145;189;2068;2392;2393;3156;5022;5143,222
P22234,,,6,18.1,47.079,,0.0,45.717,8716700,347,106;337;932;1116;3315;4803,121;122;397;1080;1081;1277;3821;5571,187
P22314,,,13,18.1,117.85,,0.0,97.096,6793200,348,99;231;518;529;677;1963;2119;3622;3685;3943;4609;4938;4962,114;276;608;620;783;2268;2269;2446;4169;4241;4534;5343;5722;5749,176
P22392,,,3,28.9,17.298,,0.0,24.12,42820000,349,710;928;1480;1681;4152;4665;5041,818;1073;1074;1684;1942;4793;5407;5408;5838;5839;5840;5841,1311
P22626,,,11,42.2,37.429,,0.0,98.162,32815000,351,774;1539;1550;1552;1577;2055;2428;2608;2962;3407;3512,892;1754;1765;1766;1768;1769;1812;2372;2802;3014;3015;3413;3925;3926;4047,1422
P22695,,,4,13.5,48.442,,0.0,31.628,1119900,352,2875;3095;3272;4183,3323;3565;3763;4854,5250
P23193,,,2,8.0,33.969,,0.0,14.593,247310,353,3233;3700,3718;4257,5849
P23246,,,4,8.8,76.149,,0.0,32.611,2886700,354,471;1158;2628;3571,554;1325;3036;4110;4111,903
P23258,,,2,9.1,51.169,,0.0,13.437,989160,355,737;933,850;1082,1362
P23284,,,4,19.0,23.742,,0.0,26.049,1806900,356,548;4334;4548;4598,641;5024;5273;5331,1051
P23381,,,2,7.0,53.165,,0.0,17.732,690680,357,215;3223,255;3704,405
P23396,,,10,48.1,26.688,,0.0,72.266,11906000,358,95;531;944;1390;1391;1643;2213;2438;2748;4136,110;622;1093;1586;1587;1588;1897;2555;2812;3173;4776,170
P23526,,,10,25.7,47.716,,0.0,66.073,5151400,359,194;1186;1625;2139;2421;4386;4415;4698;4867;5063,231;1363;1874;1875;2468;2795;5083;5115;5449;5644;5865,366
P23528,,,9,47.6,18.502,,0.0,95.631,40655000,360,320;386;925;1878;1879;2394;2638;3345;4919,376;452;453;1069;1070;2165;2166;2167;2761;2762;3048;3855;3856;5700,618
P24534,,,4,34.7,24.763,,0.0,32.829,10081000,363,3897;3967;4013;4089,4479;4562;4615;4616;4707;4708,7025
P24666,,,3,24.7,18.042,,0.0,25.395,693650,364,825;3045;3977,955;3512;4572,1550
P24752,,,2,6.1,45.199,,0.0,12.707,375970,365,1111;4281,1272;4967,2014
P25205,,,6,13.1,90.98,,0.0,39.601,2211900,366,1486;2137;2779;4054;4396;5084,1690;2466;3209;4666;5093;5886,2666
P25398,,,4,39.4,14.515,,0.0,28.725,4039900,367,2637;3001;3585;4780,3047;3459;3460;4128;5541,4846
P25705,,,12,30.7,59.75,,0.0,97.496,12824000,368,370;934;1212;1624;1686;1862;2701;3502;4303;4648;4769;5103,434;1083;1391;1392;1873;1947;2148;3123;4037;4990;5388;5529;5909,704
P25786,,,3,19.8,29.555,,0.0,22.323,3362900,369,623;2117;3455,724;2444;3985,1167
P25787,,,4,32.1,25.898,,0.0,32.324,6911900,370,1915;2490;3037;5046,2209;2210;2883;3502;5846;5847,3520
P25788,,,3,14.1,28.433,,0.0,18.981,2259300,371,374;1985;2159,438;2298;2492;2493,710
P25789,,,2,11.1,29.483,,0.0,14.676,1731000,372,2003;2720,2318;3142,3720
P26006,,,4,5.6,116.61,,0.0,34.501,2308600,373,1147;1946;2574;5107,1313;2250;2973;2974;5914,2078
P26038,,,15,17.3,67.819,,0.0,97.768,9167000,374,203;245;272;302;822;1047;1113;1433;2111;2168;2293;2434;2601;3657;4292,241;292;325;356;951;1203;1274;1635;2437;2505;2506;2644;2808;3003;4210;4978,381
P26358,,,3,3.4,183.16,,0.0,18.61,3959600,375,476;3374;4372,559;3888;5068,909
P26368,,,2,5.1,53.5,,0.0,12.001,1813500,376,2605;3308,3007;3813,4765
P26373,,,6,29.4,24.261,,0.0,38.922,4517900,377,1563;2499;3522;4030;4188;4411,1796;2893;4057;4637;4860;5111,2847
P26599,,,9,26.0,57.221,,0.0,69.303,9614800,378,1739;2017;2430;2866;2944;3426;3448;4604;4757,2008;2332;2333;2804;3309;3310;3393;3952;3977;5337;5513;5514,3179
P26639,,,18,34.2,83.434,,0.0,133.15,19564000,379,96;700;1076;1197;1296;1312;1340;1466;2370;2468;3157;3277;3304;3655;3729;4361;4838;4880,111;807;808;1234;1375;1486;1503;1531;1670;2731;2851;2852;3632;3769;3808;4208;4290;5056;5607;5658,173
P26640,,,8,8.2,140.47,,0.0,54.574,6573700,380,387;797;2318;2647;3937;4040;4364;4707,454;923;2673;3059;4527;4648;5060;5458,739
P26641,,,17,52.2,50.118,,0.0,135.16,47398000,381,7;15;179;213;566;686;1129;1732;2183;2532;3724;4032;4155;4646;4697;4842;5093,8;9;19;214;252;253;661;792;1293;1294;2000;2001;2522;2930;4285;4639;4640;4796;5385;5386;5446;5447;5448;5611;5612;5895;5896,9
P27348,,,6,31.0,27.764,,0.0,53.724,3241000,382,401;722;3382;3703;3887;4933;5001;5013,469;833;834;835;3897;4260;4467;5716;5717;5795;5807,757
P27635,,,4,27.6,24.577,,0.0,31.675,4767300,383,1303;2656;4426;4536,1494;3073;5127;5258;5259,2365
P27694,,,3,9.1,68.137,,0.0,31.094,1219400,384,1828;2621;3843,2108;3028;4416,3353
P27695,,,5,28.6,35.554,,0.0,36.248,3864600,385,787;2440;2538;2853;4740,907;2817;2818;2936;3296;5495,1443
P27708,,,5,4.2,242.98,,0.0,33.988,2307300,386,2457;3603;3772;4221;4612,2840;4148;4337;4897;5346,4508
P27797,,,11,43.9,48.141,,0.0,83.603,26508000,387,447;519;1034;1741;1884;2040;2050;2160;2435;2617;4540,522;523;524;609;1189;2010;2172;2356;2357;2367;2494;2495;2809;3024;5264,858
P27816,,,2,4.6,121.0,,0.0,14.995,1000700,388,913;3265,1054;3756,1694
P27824,,,11,28.0,67.567,,0.0,79.617,12100000,389,81;289;437;1774;2244;2254;2330;2835;4275;4291;4859,92;343;511;2044;2591;2601;2686;3276;4961;4977;5635,142
P28066,,,6,30.3,26.411,,0.0,43.274,4983900,390,166;857;2323;2620;3529;4016,196;989;2679;3027;4064;4619,314
P28070,,,2,15.9,29.204,,0.0,16.039,3367700,391,1204;3725,1382;4286,2198
P28072,,,3,13.0,25.357,,0.0,17.795,575540,392,2459;3726;4326,2842;4287;5015,4510
P28074,,,4,17.9,28.48,,0.0,31.226,1130900,393,178;338;1858;2716,212;213;398;2144;3138,338
P28482,,,2,8.1,41.389,,0.0,16.808,859690,394,1;759,1;874,1
P28838,,,3,8.7,56.166,,0.0,20.309,2130700,395,1745;3074;4169,2014;3542;4813,3189
P29401,,,16,40.6,67.877,,0.0,120.04,60187000,397,373;433;2123;2169;2202;2294;2531;2683;3136;3213;3404;3906;4065;4305;4350;4595,437;506;2450;2507;2508;2543;2544;2645;2646;2929;3101;3609;3692;3921;3922;4489;4490;4679;4992;5041;5328,709
P29692,,,7,39.5,31.121,,0.0,57.888,7206600,398,351;1200;1427;1821;3899;3910;4014,412;1378;1629;2099;4481;4497;4617,672
P30040,,,2,7.7,28.993,,0.0,13.381,863310,399,1064;1192,1221;1369,1938
P30041,,,12,60.7,25.035,,0.0,92.631,15925000,400,554;598;947;948;1244;2661;2942;3311;3536;4777;4778;4787,648;697;1096;1097;1098;1433;1434;3078;3079;3391;3816;4071;4072;5538;5539;5553,1061
P30043,,,3,18.4,22.119,,0.0,24.809,2957300,401,1868;3293;4329,2154;3791;5018;5019,3433
P30044,,,3,16.4,22.086,,0.0,18.011,1758700,402,1803;2714;4683,2075;3136;5427,3284
P30046,,,3,30.5,12.712,,0.0,26.458,2018200,403,1224;3531;3880,1405;4066;4458,2233
P30048,,,5,28.1,27.692,,0.0,29.979,3490600,404,122;647;1650;1759;1939,140;749;1906;2028;2242,213
P30050,,,5,49.1,17.818,,0.0,46.299,8053100,405,475;922;1958;1967;3589,558;1064;1065;2262;2273;2274;4133,908
P30084,,,3,11.4,31.387,,0.0,24.77,921180,406,1013;2357;3911,1168;2714;4498,1863
P30086,,,8,51.9,21.057,,0.0,66.331,7694400,408,287;428;1690;3071;3085;3457;5122;5123,341;501;1951;3539;3553;3987;5934;5935;5936,559
P30101,,,17,42.6,56.782,,0.0,160.04,42110000,409,501;635;690;994;1151;1152;1263;1289;1404;1560;1634;2485;2828;3106;3846;4159;4800,586;587;737;796;1149;1317;1318;1319;1453;1479;1601;1792;1886;2876;3267;3578;4419;4802;5568,952
P30153,,,7,16.5,65.308,,0.0,49.446,11342000,410,3;866;2475;2832;2957;3362;3787,3;4;998;2859;3272;3273;3408;3874;4355,3
P30419,,,4,12.1,56.806,,0.0,30.281,1598600,411,1237;1535;3009;3245,1419;1746;3470;3732,2255
P30837,,,3,12.6,57.249,,0.0,27.372,1783500,415,1882;4166;4817,2170;4810;5586,3456
P31040,,,3,9.2,72.691,,0.0,25.271,1025800,416,13;140;2632,16;166;3041,22
P31153,,,3,15.2,43.66,,0.0,23.701,2427200,417,3299;4298;5005,3803;4984;5799,5986
P31689,,,2,9.6,44.868,,0.0,15.915,3205100,418,2307;3644,2660;4193,4257
P31930,,,2,7.9,52.645,,0.0,13.075,1038300,419,756;2253,871;2600,1390
P31939,,,8,22.0,64.615,,0.0,57.976,3208900,421,126;1991;2969;3228;3394;4216;4222;4785,144;2304;3420;3711;3909;4892;4898;5546,219
P31942,,,2,8.4,36.926,,0.0,17.21,559640,422,344;4033,404;4641,658
P31943,,,9,25.8,49.229,,0.0,100.41,12428000,423,345;642;1465;1669;1975;3961;4034;4535;5115,405;406;744;1668;1669;1929;2284;2285;4556;4642;5256;5257;5926,660
P31946,,,5,25.6,28.082,,0.0,66.012,3296700,424,402;722;3382;3710;4100;4931;5027,470;833;834;835;3897;4269;4721;4722;5714;5821,758
P31947,,,3,16.5,27.774,,0.0,21.761,2569800,425,722;3382;3796;4313;5002,833;834;835;3897;4365;5001;5796,1338
P31948,,,12,26.9,62.639,,0.0,88.253,10175000,426,6;242;256;497;510;538;692;959;2507;2732;2804;4333,7;288;305;581;598;631;798;1110;1111;2902;3155;3235;5023,8
P31949,,,3,32.4,11.74,,0.0,42.77,110630000,427,444;687;4135,518;519;793;4766;4767;4768;4769;4770;4771;4772;4773;4774;4775,846
P32119,,,3,26.3,21.892,,0.0,17.175,895860,428,341;1649;3035;3648,401;1905;3499;4199,654
P32969,,,5,47.9,21.863,,0.0,46.37,9729500,430,535;550;1270;4074;4195,628;643;1460;4688;4689;4867;4868,1032
P33316,,,6,33.7,26.563,,0.0,43.341,3206600,432,19;1700;1889;2027;2105;4122,23;1964;2178;2343;2430;4753,33
P33991,,,3,3.9,96.557,,0.0,19.148,647000,433,1618;3021;5076,1866;3483;5878,2968
P33992,,,2,2.9,82.285,,0.0,11.114,249070,434,1185;1754,1362;2023,2164
P33993,,,4,7.5,81.307,,0.0,26.908,1534200,435,743;1182;2028;3902,858;1359;2344;4484,1371
P34897,,,9,27.0,55.992,,0.0,81.057,8605600,437,1646;1830;1857;2230;2278;2678;4600;4770;5132,1901;2110;2111;2143;2574;2628;3096;5333;5530;5946;5947,3020
P34932,,,17,24.8,94.33,,0.0,139.25,8038900,438,830;998;1011;1030;1178;1467;2402;2405;2817;3220;3328;3357;3698;4041;4307;4587;4877,960;1153;1166;1185;1350;1671;2773;2776;3254;3255;3700;3837;3869;4255;4649;4994;5320;5654,1555
P35221,,,4,6.8,100.07,,0.0,30.785,5682800,440,393;2012;2759;4831,460;2327;3186;5600,747
P35232,,,8,40.1,29.804,,0.0,56.123,7070200,441,32;644;1812;1813;2101;2181;3353;4636,36;746;2086;2087;2088;2426;2520;3865;5375,51
P35237,,,2,8.8,42.621,,0.0,19.467,1627300,442,990;1435,1145;1637,1831
P35268,,,4,50.8,14.787,,0.0,32.525,5110700,443,142;1383;2325;4965,168;1579;2681;5752,269
P35579,,,57,31.0,226.53,,0.0,323.31,49690000,446,56;198;202;206;269;532;551;616;627;659;746;747;839;862;962;969;1008;1188;1410;1872;1881;1969;2011;2026;2134;2211;2396;2406;2450;2533;2559;2590;2911;2913;2919;2967;3057;3125;3217;3323;3358;3385;3405;3477;3634;3664;3950;4125;4138;4296;4455;4568;4569;4579;4729;4776;4946,65;236;240;244;321;623;644;645;717;728;765;861;862;969;994;1114;1123;1163;1365;1607;2159;2169;2276;2326;2342;2462;2463;2553;2764;2765;2777;2830;2831;2931;2957;2991;3359;3361;3367;3418;3525;3598;3696;3829;3870;3900;3923;4010;4182;4218;4541;4542;4756;4778;4982;5159;5300;5301;5302;5312;5484;5537;5731,100
P35580,,,5,3.8,229.0,,0.0,32.849,896240,447,56;839;957;1188;2406;2509;2533;2913;3386;3919;4296;4318;4455,65;969;1108;1365;2777;2904;2931;3361;3901;4507;4982;5006;5159,100
P35606,,,5,9.7,102.49,,0.0,32.067,1635700,448,801;3429;3505;3859;4052,927;3955;4040;4433;4664,1504
P35613,,,3,15.1,42.2,,0.0,24.473,2212700,449,1228;3837;4445,1409;4410;5149,2240
P35637,,,3,9.1,53.425,,0.0,23.888,4953700,450,1503;1869;2702,1707;2155;2156;3124,2690
P35998,,,3,10.2,48.633,,0.0,24.356,1455800,452,45;3706;4252,54;4263;4936;4937,83
P36542,,,2,7.4,32.996,,0.0,13.663,965150,453,1934;2371,2234;2732,3567
P36578,,,14,38.2,47.697,,0.0,97.521,14214000,454,0;282;816;1169;1704;2071;2422;2521;3166;3350;3550;3686;3874;4915,0;335;336;943;1336;1968;2391;2796;2918;3642;3862;4087;4242;4450;5696,0
P36776,,,2,2.3,106.49,,0.0,13.189,937470,455,2177;2952,2516;3402,4030
P36957,,,2,5.7,48.755,,0.0,14.133,451080,457,3487;4265,4021;4951,6340
P37108,,,2,17.6,14.57,,0.0,28.277,3343200,458,1336;4622,1527;5357,2420
P37235,,,2,12.4,22.313,,0.0,15.728,1212600,459,2945;4826,3394;5595,5353
P37802,,,10,59.8,22.391,,0.0,109.02,18155000,460,520;1019;1458;1703;2263;3327;3497;3675;4231;4970,610;1174;1661;1967;2612;3833;3834;3835;3836;4032;4229;4230;4909;5757;5758,999
P37837,,,7,23.4,37.54,,0.0,45.383,2523400,461,187;2175;2747;2956;4087;4205;4864,223;2514;3172;3407;4705;4878;5640,355
P38646,,,18,37.1,73.68,,0.0,180.11,15711000,462,295;491;523;1040;1069;1463;2599;2752;3083;3281;3592;3809;3999;4042;4322;4453;4562;4720,349;575;613;1195;1226;1666;3000;3177;3551;3773;4137;4381;4601;4650;5010;5157;5293;5473,577
P38919,,,2,7.8,46.871,,0.0,14.679,822870,463,1635;1636;1645;2449;3190,1887;1888;1889;1900;2829;3667,2998
P39019,,,6,33.8,16.06,,0.0,42.403,6702300,464,184;751;950;2710;4637;4704,220;866;1100;3132;5376;5455,351
P39023,,,8,26.8,46.108,,0.0,62.945,15265000,465,151;1043;1907;2585;3419;3895;4338;4384,180;1198;2199;2985;2986;3945;4476;5028;5081,290
P39656,,,5,19.5,50.8,,0.0,36.048,5057900,466,1800;2857;3481;4248;4902,2072;3300;4014;4929;5682,3279
P39687,,,5,11.2,28.585,,0.0,47.875,4744400,467,649;1000;2780;3916;4728,751;1155;3210;4504;5483,1207
P39748,,,2,5.8,42.592,,0.0,12.945,469430,468,2659;4887,3076;5665,4887
P40227,,,9,22.8,58.024,,0.0,67.905,13394000,469,236;2150;3191;3583;4070;4144;4408;4533;4586,281;2483;3668;4126;4684;4784;5106;5107;5254;5319,451
P40261,,,5,24.6,29.574,,0.0,50.351,5815900,470,733;936;1371;2088;2401,846;1085;1566;2413;2772,1355
P40429,,,2,10.8,23.577,,0.0,15.33,1550900,471,105;5067,120;5869,184
P40925,,,8,32.9,36.426,,0.0,65.914,6538100,473,614;741;1046;1099;1395;1507;3498;4574,715;856;1201;1202;1260;1592;1711;4033;5307,1155
P40926,,,12,48.8,35.503,,0.0,90.676,13417000,474,1397;1468;1851;2095;2266;2981;3168;3989;4192;4413;4428;4695,1594;1672;2137;2420;2615;3433;3434;3644;4587;4864;5113;5129;5443,2519
P40939,,,8,18.9,82.999,,0.0,61.518,6116100,475,503;715;979;1094;1235;2424;3216;4185,589;823;1134;1255;1417;2798;3695;4856,954
P41091,,,8,25.6,51.109,,0.0,54.93,3593100,476,136;1918;2350;2983;3307;3799;3857;5050,162;2213;2707;3436;3812;4369;4431;5851,261
P41250,,,11,22.1,83.165,,0.0,74.371,10664000,478,1337;2220;2731;2862;3423;3632;4153;4251;4308;4349;5060,1528;2563;2564;3154;3305;3949;4180;4794;4934;4935;4995;5040;5862,2421
P41252,,,11,12.5,144.5,,0.0,92.328,6547200,479,729;849;1381;1393;2282;2586;2613;2762;2904;3831;4983,842;980;1577;1590;2633;2987;3020;3189;3352;4404;5775,1350
P41567,,,3,45.1,12.732,,0.0,25.313,1707800,480,1138;3337;4247,1303;3846;4928,2064
P42166,,,3,6.5,75.491,,0.0,22.732,978010,481,3088;3838;4021,3557;4411;4624,5624
P42224,,,2,4.3,87.334,,0.0,14.563,881130,482,1246;1277,1436;1467,2277
P42677,,,3,38.1,9.461,,0.0,18.788,1629800,484,634;2965;3038,736;3416;3503,1185
P42704,,,20,20.6,157.9,,0.0,165.38,10296000,485,478;601;732;1038;1501;1685;2518;2664;2895;3126;3246;3379;3578;3661;3821;4344;4546;4547;4913;4951,561;700;845;1193;1705;1946;2915;3082;3343;3599;3733;3894;4121;4215;4394;5034;5270;5271;5272;5693;5694;5736,911
P43243,,,8,11.5,94.622,,0.0,55.756,2629000,487,1189;1476;1720;2319;2512;3984;4134;4784,1366;1680;1988;2674;2907;4581;4765;5545,2169
P43307,,,2,8.0,32.235,,0.0,17.164,1592900,488,1293;1766,1483;2035;2036,2346
P43487,,,2,16.9,23.31,,0.0,18.617,11193000,489,413;4213,481;482;4888,775
P43490,,,16,43.8,55.52,,0.0,151.35,20845000,490,695;895;1488;1764;1815;1829;3260;4045;4266;4267;4566;4599;4822;4935;4943;5014,801;1029;1030;1692;2033;2090;2109;3748;3749;3750;3751;4655;4952;4953;5297;5298;5332;5591;5719;5727;5808,1282
P43686,,,5,25.6,47.366,,0.0,37.81,4780400,491,1968;2190;2912;3128;3201,2275;2530;3360;3601;3678,3633
P45880,,,9,41.8,31.566,,0.0,73.053,10369000,493,1540;2979;3422;3553;3800;4685;4829;4878;5074,1755;3431;3948;4090;4370;4371;5429;5598;5655;5656;5876,2765
P46063,,,2,5.2,73.457,,0.0,13.16,426270,495,1348;4629,1541;5364,2438
P46776,,,3,20.3,16.561,,0.0,26.07,2637300,497,3067;3451;4976,3535;3980;5764,5588
P46777,,,6,30.6,34.362,,0.0,39.769,2829000,498,1460;2073;2367;3470;5018;5019,1663;2394;2727;2728;4003;5812;5813,2628
P46778,,,3,25.0,18.565,,0.0,20.16,1863700,499,1783;4260;4819,2053;4945;5588,3248
P46781,,,4,17.5,22.591,,0.0,24.212,2565700,501,2539;2677;2918;3734,2937;3095;3366;4295,4675
P46782,,,5,36.3,22.876,,0.0,48.412,8558300,502,3591;4145;4179;4690;4891,4136;4785;4849;4850;5438;5669,6518
P46783,,,4,32.1,18.898,,0.0,32.126,8740400,503,77;777;1900;2018,87;895;2190;2334,131
P46940,,,24,21.8,189.25,,0.0,171.9,11322000,505,207;347;841;1037;1154;1194;1225;1584;1805;1973;2106;2167;2241;2550;2566;2885;2961;2966;3148;3221;3495;3683;4225;5068,245;408;971;1192;1321;1371;1406;1819;2077;2282;2431;2503;2504;2588;2948;2964;3333;3412;3417;3621;3701;4030;4239;4903;5870,388
P46977,,,2,2.4,80.529,,0.0,11.128,301100,506,1253;1268,1443;1458,2284
P47756,,,3,11.6,31.35,,0.0,20.742,911500,508,779;2589;4038,897;2990;4646,1428
P47897,,,4,7.0,87.798,,0.0,25.527,2325800,509,711;1557;1976;2196,819;1788;2286;2537,1312
P48047,,,4,24.9,23.277,,0.0,30.485,1350800,511,1367;3039;4383;4924,1561;1562;3504;5080;5705,2468
P48444,,,2,8.8,57.21,,0.0,10.976,636970,512,2383;3465,2750;3996,4382
P48643,,,12,32.9,59.67,,0.0,86.942,13495000,513,327;403;466;1074;1922;2010;2016;2537;3674;3688;3986;4899,384;385;386;471;548;1231;1232;2219;2325;2331;2935;4228;4244;4584;5677;5678,630
P49207,,,2,12.8,13.293,,0.0,11.56,1298600,518,120;2361,138;2718,210
P49327,,,19,11.8,273.42,,0.0,132.11,6736900,520,23;52;672;828;1168;1173;1184;1578;1682;1839;2594;2858;2921;3547;3832;3948;4775;4897;5087,27;61;778;958;1335;1341;1361;1813;1943;2122;2995;3301;3369;4084;4405;4539;5536;5675;5889,39
P49368,,,13,29.0,60.533,,0.0,85.188,5168600,521,191;362;975;2109;2250;2338;2352;3255;3387;3574;4113;4226;4890,228;425;1130;2435;2597;2695;2709;3743;3902;4115;4742;4904;5668,362
P49411,,,8,27.0,49.541,,0.0,58.024,4568100,522,48;949;986;1629;3409;3639;4189;4357,57;1099;1141;1879;3928;4187;4188;4861;5052,87
P49458,,,2,22.1,10.112,,0.0,14.291,1620000,523,3077;3563,3545;4102,5603
P49588,,,21,38.9,106.81,,0.0,173.58,21006000,524,315;405;588;667;906;1583;1683;2304;2329;3094;3120;3155;3227;3301;3468;3492;3620;4203;4525;4795;5055,370;473;686;773;1046;1818;1944;2657;2685;3563;3564;3593;3630;3709;3710;3805;4000;4027;4167;4876;5245;5562;5856,605
P49591,,,2,4.5,58.777,,0.0,12.534,229620,526,1001;2756,1156;3182,1846
P49720,,,3,22.9,22.949,,0.0,20.679,2412500,527,508;1238;3075,595;596;1420;3543,975
P49721,,,2,10.4,22.836,,0.0,13.337,1020400,528,1262;4382,1452;5079,2303
P49736,,,2,3.1,101.89,,0.0,15.873,634550,529,675;3641,781;4190,1254
P49748,,,6,10.8,70.389,,0.0,39.957,1424200,530,328;1633;2302;2624;3174;3435,387;1885;2655;3031;3650;3962,634
P49755,,,2,12.3,24.976,,0.0,18.217,2003600,532,2245;2553,2592;2951,4146
P49773,,,4,59.5,13.802,,0.0,33.105,5932400,533,448;1919;2130;3259,525;526;2214;2215;2458;3747,861
P49915,,,4,12.8,76.715,,0.0,28.609,3051100,536,230;863;973;2023,275;995;1127;1128;2339,443
P50395,,,13,29.2,50.663,,0.0,112.82,21870000,537,762;1181;1284;1295;1411;2924;3447;3660;3982;4118;4371;4749;4979,877;1358;1474;1485;1608;3372;3976;4214;4577;4578;4748;5067;5504;5770,1397
P50402,,,2,11.0,28.994,,0.0,21.418,654410,538,1852;5053,2138;5854,3400
P50454,,,6,20.8,46.44,,0.0,41.876,3840700,539,528;731;1818;2954;3072;4120,619;844;2094;3404;3405;3540;4750;4751,1013
Q8IZP2,,,3,17.1,27.406,,0.0,18.742,686860,540,162;2750;4381,192;3175;5078,308
P50570,,,2,2.4,98.063,,0.0,11.893,431290,542,661;3398,767;3914,1237
P50583,,,2,25.9,16.829,,0.0,11.986,1030200,543,4443;4863,5147;5639,8146
P50914,,,4,20.9,23.432,,0.0,29.303,9646700,544,248;459;2999;4417,297;538;3456;3457;5117,482
P50990,,,20,46.0,59.62,,0.0,142.01,14053000,545,157;278;367;580;827;1142;1874;1892;2186;2497;2630;2663;2984;3031;3250;3493;3647;3744;4096;5052,187;331;431;676;957;1307;2161;2181;2525;2891;3038;3081;3437;3438;3439;3494;3737;4028;4198;4305;4716;5853,301
P50991,,,9,20.6,57.924,,0.0,67.663,4155200,546,294;499;585;829;1077;1502;3013;4239;4545,348;583;584;682;959;1235;1706;3474;4917;5269,575
P50995,,,2,5.0,54.389,,0.0,12.684,398380,547,152;1772,181;2042,291
P51149,,,4,19.3,23.489,,0.0,31.025,1901700,550,530;1342;3047;4212,621;1533;3514;4887,1015
P51571,,,4,30.6,18.998,,0.0,27.025,1480900,552,1217;3420;4718;5078,1397;3946;5471;5880,2222
P51659,,,4,8.0,79.685,,0.0,26.577,1639700,553,1266;1455;2059;4676,1456;1658;2376;5420,2309
P51858,,,6,37.1,26.788,,0.0,44.126,3825100,555,626;1562;1717;1853;3801;5077,727;1795;1985;2139;4372;5879,1172
P51991,,,6,20.4,39.594,,0.0,44.565,6051500,558,842;1524;2081;2606;3137;4849,972;1732;1733;2404;3008;3610;5625,1575
P52209,,,9,31.3,53.139,,0.0,72.84,8295200,559,400;487;1616;1880;3032;3249;3433;3540;3791,468;571;1856;2168;3495;3496;3736;3960;4077;4360,756
P52272,,,11,22.7,77.515,,0.0,85.235,7272500,560,16;117;1098;1608;1692;2226;3127;3154;3253;3384;4527,20;135;1259;1847;1953;2570;3600;3629;3741;3899;5247;5248,27
P52292,,,4,12.5,57.861,,0.0,30.129,1777600,561,813;2746;2755;3396,939;3171;3180;3181;3912,1521
P52565,,,2,16.7,23.207,,0.0,15.849,1423900,563,84;1376,95;1571;1572,146
P52597,,,6,29.9,45.671,,0.0,50.401,13425000,564,345;650;1670;2310;3180;3222;3694;4535,405;406;752;753;1930;2663;2664;3656;3702;3703;4250;5256;5257,660
P52788,,,5,33.3,41.268,,0.0,42.228,2832900,565,745;1672;2377;3004;4966,860;1932;2743;3463;3464;5753,1373
P52815,,,2,22.2,21.348,,0.0012723,10.698,777110,566,2265;3003,2614;3462,4181
P52907,,,3,12.6,32.922,,0.0,23.543,1226300,567,753;2075;2774,868;2396;3202,1385
P53396,,,12,16.1,120.84,,0.0,93.152,4740800,568,398;894;1257;1959;2417;2784;3081;3170;3633;3793;4180;4310,466;1027;1028;1447;2263;2791;3214;3549;3646;4181;4362;4851;4997,754
P53618,,,4,5.6,107.14,,0.0,31.835,1645400,569,3314;3488;3679;4640,3819;3820;4022;4235;5379,6010
P53621,,,4,5.7,138.34,,0.0,24.034,1559500,570,2754;2938;3443;3892,3179;3387;3971;4472,5037
P53999,,,2,17.3,14.395,,0.0,16.833,1751100,572,525;1627,615;1877,1008
P54136,,,4,7.1,75.378,,0.0,28.129,2208900,574,2366;2597;2824;4504,2726;2998;3262;5215,4352
P54577,,,5,12.9,59.143,,0.0,32.622,2054500,575,109;290;2279;3718;3829,126;344;2629;4278;4402,195
P54578,,,3,8.1,56.068,,0.0,24.138,765660,576,1323;2854;3776,1514;3297;4341,2399
P54727,,,3,8.1,43.171,,0.0,18.135,1947100,578,375;3329;3450,439;3838;3979,713
P54819,,,3,19.7,26.477,,0.0,20.736,2461000,579,939;2893;3040,1088;3341;3505,1749
P55010,,,3,10.2,49.222,,0.0,23.55,2890100,580,262;1402;4652,314;1599;5393,515
P55036,,,2,8.8,40.736,,0.0,18.504,626460,581,4602;4694,5335;5442,8433
P55060,,,11,14.4,110.42,,0.0,112.59,6247300,582,9;267;482;2136;2781;2791;2797;3144;3371;3666;3991,11;319;566;2465;3211;3221;3227;3617;3885;4220;4589,14
P55072,,,29,47.5,89.321,,0.0,239.35,80245000,583,156;160;360;736;824;993;1014;1050;1085;1086;1091;1479;1707;1804;2351;2456;2474;2534;2569;3108;3275;3490;3491;3582;3707;4563;4774;4827;4949,186;190;422;423;849;953;954;1148;1169;1206;1245;1246;1252;1683;1971;1972;1973;1974;2076;2708;2839;2858;2932;2967;2968;3580;3766;3767;4025;4026;4125;4264;5294;5535;5596;5734,299
P55084,,,7,24.1,51.294,,0.0,43.506,3475400,584,257;549;1109;1313;2581;2705;4276,306;642;1270;1504;2981;3127;4962,498
P55209,,,9,32.0,45.374,,0.0,67.551,45305000,586,1207;1208;1425;1622;2522;3485;3667;3757;3845,1385;1386;1387;1626;1627;1871;2919;4019;4221;4320;4418,2202
P55263,,,4,13.8,40.545,,0.0,30.218,1728700,587,971;2334;4668;5092,1125;2690;5411;5412;5894,1804
P55265,,,5,6.4,136.06,,0.0,33.291,1581000,588,264;597;1346;3439;4098,316;696;1538;3966;4718,518
P55735,,,3,16.8,35.54,,0.0,22.903,903790,590,1162;4511;4738,1329;5230;5493,2102
P55786,,,6,10.3,103.28,,0.0,48.975,2316400,592,2839;2960;3677;4198;4650;4908,3281;3411;4232;4233;4871;5390;5688,5186
P55884,,,13,20.9,92.48,,0.0,98.556,8659700,595,1075;1360;1556;1776;1785;1847;2299;3098;3239;4441;5044;5120;5126,1233;1554;1787;2046;2055;2132;2133;2652;3568;3726;5144;5844;5932;5939,1957
P55957,,,2,21.0,21.994,,0.0,16.273,488390,596,956;2061,1107;2378,1780
P56192,,,4,6.3,101.11,,0.0,24.926,1131400,597,1221;1801;2579;4975,1402;2073;2979;5763,2230
P56537,,,4,29.4,26.599,,0.0,25.031,1906900,598,2825;2925;3464;3711,3263;3373;3995;4270,5162
P58546,,,2,22.9,12.895,,0.0,34.731,686860,602,431;1705,504;1969,821
P59998,,,2,17.9,19.667,,0.0,14.826,1308800,603,98;2441,113;2819;2820,175
P60174,,,12,73.1,26.669,,0.0,105.93,52479000,604,513;953;1227;1982;2031;2158;3697;3965;4394;4696;4756;4788,601;602;1103;1104;1408;2293;2294;2347;2491;4253;4254;4560;5091;5444;5445;5512;5554;5555,986
P60228,,,3,6.3,52.22,,0.0,18.136,607370,605,3138;3179;5029,3611;3655;5823,5699
P60510,,,2,7.8,35.08,,0.0,15.169,950490,606,542;924;3645,635;1068;4194,1041
P60660,,,7,66.9,16.93,,0.0,63.982,8327200,607,212;429;702;1988;2209;3236;4591,251;502;810;2301;2551;3723;5324,398
P60842,,,20,54.4,46.153,,0.0,174.39,47439000,609,352;555;586;703;951;1558;1601;1635;1636;1787;1838;2397;2449;2848;2907;3152;3629;4496;4620;4793,413;649;683;684;811;1101;1789;1790;1839;1840;1887;1888;1889;2057;2121;2766;2767;2829;3290;3291;3355;3626;3627;4177;5206;5355;5560,673
P60866,,,3,36.1,13.373,,0.0,19.231,2885700,610,2670;3646;4289,3088;4195;4196;4197;4975,4904
P60900,,,4,19.5,27.399,,0.0,27.145,1667600,611,1920;2199;2727;3080,2216;2540;3150;3548,3530
P60953,,,4,26.7,21.258,,0.0,33.032,2824400,613,3489;4277;4901;5113,4023;4024;4963;5681;5924,6344
P60983,,,2,27.5,16.713,,0.0,12.237,708560,615,3051;3847,3519;4420,5561
P61011,,,2,6.3,55.704,,0.0,13.817,2127200,616,2751;3978,3176;4573,5034
P61019,,,2,13.7,23.545,,0.0,13.508,391840,617,1339;1438,1530;1640,2424
P61086,,,2,16.5,22.406,,0.0,11.135,329980,620,1514;3061,1719;3529,2706
P61088,,,3,27.6,17.138,,0.0,25.463,2171200,621,2038;2572;4960,2354;2971;5746,3770
P61106,,,5,38.6,23.897,,0.0,33.12,3118600,622,1439;2378;3395;4050;4984,1641;2744;3910;3911;4662;5776,2596
P61158,,,5,20.6,47.371,,0.0,36.478,3088000,623,1298;1789;2852;3354;4245,1488;2059;3295;3866;4925,2356
P61160,,,3,9.4,44.76,,0.0,17.963,869460,624,641;1834;1944,743;2117;2247,1195
P84077,,,8,20.4,20.697,,0.0,69.117,12633000,625,506;2001;2002;2192;2635;3172;3352;3602,593;2314;2315;2316;2317;2532;2533;3044;3045;3648;3864;4147,966
P61221,,,4,9.0,67.314,,0.0,31.647,1427700,626,62;1291;1779;3518,71;1481;2049;4053,107
P61224,,,3,19.6,20.825,,0.0,23.326,2985700,627,2237;3052;3741,2584;3520;4302,4135
P61247,,,7,28.8,29.945,,0.0,51.62,8518300,628,46;270;2690;3195;3285;4311;4502,55;322;3110;3672;3777;4998;5212;5213,84
Q9UNX3,,,2,11.0,17.256,,0.0,12.016,3768700,629,1314;5117,1505;5929,2380
P61289,,,5,31.9,29.506,,0.0,30.904,956020,630,1032;2519;2735;3261;3456,1187;2916;3158;3752;3986,1890
P61313,,,3,16.2,24.146,,0.0,25.543,6131600,631,1220;4632;4987,1400;1401;5369;5779,2227
P61353,,,3,20.6,15.798,,0.0,19.376,2825400,633,4792;4820;5099,5559;5589;5905,8858
P61457,,,2,27.9,11.999,,0.0,17.877,2614400,634,599;2523,698;2920,1131
P61513,,,2,32.6,10.275,,0.0,22.533,961150,635,383;4328,448;449;5017,730
P61586,,,6,47.7,21.768,,0.0,42.84,3522800,636,1097;1887;2108;2922;3020;3719,1258;2175;2176;2434;3370;3482;4279,1995
P61604,,,3,32.4,10.932,,0.0,19.881,8026200,637,1288;4639;4789,1478;5378;5556,2340
P61758,,,4,27.4,22.626,,0.0,30.829,2265200,638,701;1283;2655;3366,809;1473;3071;3072;3880,1296
P61803,,,2,19.5,12.497,,0.0,13.684,407800,640,58;1274,67;1464,102
P61970,,,3,29.1,14.478,,0.0,20.963,1857500,641,53;2479;3349,62;2863;3861,97
P61978,,,16,50.5,50.976,,0.0,140.94,39845000,642,304;611;1570;1746;1757;2042;2138;2145;2152;2197;2198;2758;3476;3761;4131;4791,358;359;712;1803;2015;2026;2359;2467;2477;2485;2538;2539;3184;3185;4009;4324;4325;4762;5558,590
P61981,,,3,17.4,28.302,,0.0,42.993,2383600,643,722;3382;3503;4099;4931;5003,833;834;835;3897;4038;4719;4720;5714;5797,1338
P62081,,,7,51.0,22.127,,0.0,50.687,18385000,644,170;750;1992;2336;3150;4244;4482,201;865;2305;2692;2693;3624;4923;4924;5189,320
P62136,,,11,19.4,37.512,,0.0,83.966,33060000,645,155;915;1867;2087;2165;2218;2369;2600;2837;3696;4163,184;185;1056;2153;2412;2501;2561;2730;3001;3002;3278;4252;4806,297
P62140,,,2,7.3,37.186,,0.0,11.885,327370,646,155;915;1867;2036;2087;2165;2348;2369;3696;4163,184;185;1056;2153;2352;2412;2501;2705;2730;4252;4806,297
P62191,,,5,18.4,49.184,,0.0,63.532,6218100,647,361;2161;4253;4389;4534,424;2496;2497;4938;5086;5255,688
P62195,,,4,14.8,45.626,,0.0,29.889,1931700,648,893;2069;4254;4701,1026;2389;4939;5452,1653
P62241,,,8,45.2,24.205,,0.0,82.174,12294000,649,968;2126;2296;2535;2713;2982;3284;3742,1122;2453;2454;2648;2933;3135;3435;3776;4303,1799
P62244,,,5,46.2,14.839,,0.0,35.502,6228800,650,1908;2359;3206;3619;4885,2200;2716;3684;4166;5663,3503
P62249,,,7,43.8,16.445,,0.0,42.553,4647900,651,593;1148;1573;1716;2738;3545;4228,692;1314;1807;1808;1984;3162;4082;4906,1124
P62258,,,9,44.3,29.174,,0.0,96.316,11895000,652,12;674;722;786;1932;2149;2667;3107;3382;4934;4998,14;15;780;833;834;835;906;2232;2482;3085;3579;3897;5718;5791,19
P62263,,,3,27.8,16.273,,0.0,18.249,1382400,653,71;974;4279,81;1129;4965,122
P62269,,,6,38.2,17.718,,0.0,40.563,4654600,655,134;2013;2246;4571;4633;5098,160;2328;2593;5304;5370;5904,258
P62277,,,4,29.1,17.222,,0.0,25.395,4938700,657,1642;1675;1677;2685,1896;1935;1938;3103,3010
P62280,,,4,18.4,18.431,,0.0,24.874,1313400,658,463;778;3416;3752,545;896;3941;4313,888
P62316,,,3,24.6,13.527,,0.0,19.057,1214500,662,1496;3428;3841,1700;3954;4414,2680
P62318,,,3,31.7,13.916,,0.0,24.247,700910,663,1280;4407;4614,1470;5105;5348,2329
P62333,,,4,15.4,44.172,,0.0,27.646,2302700,665,59;574;4230;4395,68;670;4908;5092,103
P62424,,,4,18.4,29.995,,0.0,36.956,1804900,666,146;1995;3318;4116,172;2308;3824;4746,274
P62701,,,9,28.9,29.597,,0.0,75.848,10315000,667,818;1190;1696;1957;2949;4123;4677;4918;5057,947;1367;1960;2261;3399;4754;5421;5699;5858,1540
P62750,,,6,30.8,17.695,,0.0,35.268,2545600,668,1324;2065;2418;2484;2524;3359,1515;2383;2792;2875;2921;3871,2400
P62753,,,5,25.7,28.68,,0.0,38.007,3501200,669,600;1472;2675;2834;3102,699;1676;3093;3275;3573,1133
P62805,,,4,40.8,11.367,,0.0,31.668,6926300,670,670;2284;4355;4513,776;2635;5049;5232,1247
P62820,,,5,31.2,22.677,,0.0,36.762,3501600,671,865;1139;1452;2771;4202,997;1304;1655;3199;4875,1613
P62826,,,9,44.4,24.423,,0.0,66.784,18677000,672,29;1315;1941;3025;3393;3532;3966;4420;5111,33;1506;2244;3488;3908;4067;4561;5120;5920;5921;5922,47
P62829,,,3,30.7,14.865,,0.0,25.765,7571400,673,2285;2851;3402,2636;3294;3919,4222
P62841,,,2,31.7,17.04,,0.0,16.242,35305000,674,660;4157,766;4799;4800,1236
P62847,,,3,29.3,15.423,,0.0,22.989,4738700,675,2442;4314;4321,2821;5002;5009,4486
P62873,,,3,14.4,37.377,,0.0,23.53,3325100,679,2682;2767;4025,3100;3195;4628,4922
P62888,,,3,34.8,12.784,,0.0,24.369,3521900,681,2446;3017;4421,2826;3478;5121,4492
P62899,,,3,26.4,14.463,,0.0,27.24,6453700,682,3086;3392;3786,3554;3555;3907;4354,5618
P62906,,,6,33.2,24.831,,0.0,40.296,4257900,683,368;730;1325;1373;2184;2455,432;843;1516;1568;2523;2837;2838,702
P62910,,,3,23.0,15.86,,0.0,30.047,2527400,684,970;1947;4081,1124;2251;4696;4697,1802
P62913,,,2,12.9,20.252,,0.0,17.144,2281200,685,4601;4936,5334;5720,8432
P62917,,,3,25.7,28.024,,0.0,21.363,4470000,686,301;317;4139,355;372;373;4779,583
P62937,,,11,66.1,18.012,,0.0,98.393,134020000,687,887;1198;1974;2144;2312;2420;3252;4146;4577;4689;4726,1019;1376;2283;2474;2475;2476;2666;2794;3740;4786;5310;5434;5435;5436;5437;5481,1641
P62979,,,4,34.0,17.965,,0.0,38.43,28770000,689,821;1060;4201;4237,950;1216;1217;4874;4915,1545
P63000,,,3,17.2,21.45,,0.0,17.451,521640,691,385;1910;5007,451;2202;5801,733
P63104,,,11,42.9,27.745,,0.0,106.35,60619000,692,578;722;1281;1631;3113;3382;4069;4101;4932;4999;5000,674;833;834;835;1471;1882;1883;3585;3897;4683;4723;4724;5715;5792;5793;5794,1099
P63173,,,4,35.7,8.2178,,0.0,31.97,6537600,695,2068;2419;5033;5034,2387;2388;2793;5827;5828,3817
P63220,,,2,27.7,9.1113,,0.0,12.001,790430,697,568;4370,664;5066,1084
P63241,,,7,74.0,16.832,,0.0,57.842,122900000,698,50;836;3287;3760;4537;4930;4941,59;966;3779;3780;3781;3782;3783;3784;3785;4323;5260;5261;5713;5725,92
P63244,,,14,73.8,35.076,,0.0,112.96,16223000,699,101;563;748;1368;1591;1593;1945;3062;3066;4261;4811;4812;5108;5125,116;658;863;1563;1826;1829;2248;2249;3530;3534;4946;5579;5580;5915;5916;5938,178
P63261,,,19,4.5,41.792,,0.0,195.68,257540000,700,135;377;378;462;651;654;725;848;929;938;1856;1962;2364;2387;2513;3612;4086;4316;4406,161;441;442;541;542;543;544;754;757;758;759;838;978;979;1075;1076;1087;2142;2266;2267;2722;2723;2724;2754;2908;2909;2910;4157;4158;4703;4704;5004;5103;5104,260
P67775,,,7,30.7,35.594,,0.0,64.156,4881000,702,467;960;2900;3504;3645;3969;5086,549;550;1112;3348;4039;4194;4564;5888,894
P67809,,,6,25.0,35.924,,0.0,66.371,3808300,703,843;1442;3295;3768;3769;4056,973;1645;3798;4333;4334;4669,1576
P67936,,,5,17.7,28.521,,0.0,42.644,7356300,705,139;859;2262;2271;3018,165;991;2611;2621;3479,265
P68036,,,4,46.1,17.861,,0.0,28.718,2788000,707,2077;2372;3351;4128,2400;2733;3863;4759,3836
P68104,,,17,38.3,50.14,,0.0,128.3,190510000,708,561;892;2112;2115;2386;2871;3119;3294;3410;3554;3662;3712;3871;4047;4174;4484;5140,655;656;1024;1025;2438;2441;2753;3317;3592;3792;3793;3794;3795;3796;3797;3929;3930;3931;3932;3933;4091;4216;4271;4272;4447;4658;4659;4819;4820;4821;4822;4823;4824;4825;4826;4827;4828;4829;4830;4831;4832;4833;4834;4835;4836;4837;4838;4839;4840;4841;4842;4843;4844;5191;5192;5193;5956;5957,1073
P68363,,,3,0.0,50.151,,0.0,36.749,33706000,709,131;365;381;416;749;817;837;919;1179;1183;2116;2688;3364;3658;3898;4187;4528;5035,150;151;152;153;154;155;156;428;429;445;446;485;486;487;864;944;945;946;967;1061;1351;1352;1353;1354;1355;1356;1360;2442;2443;3106;3107;3876;3877;4211;4212;4480;4858;4859;5249;5829,234
P68371,,,20,2.7,49.83,,0.0,211.55,213920000,711,246;392;931;1090;1321;1420;1597;2214;2238;2281;2504;2649;2990;3224;3413;3469;3873;4112;4724;5030,293;294;459;1078;1079;1250;1251;1512;1620;1621;1835;2556;2585;2631;2632;2898;2899;3061;3062;3063;3445;3446;3705;3706;3936;4001;4002;4449;4739;4740;4741;5477;5478;5479;5824,471
P68400,,,7,26.6,45.143,,0.0,55.073,5957600,712,1134;2672;3673;4269;4610;4611;5085,1299;3090;4227;4955;5344;5345;5887,2057
Q5TEC6,,,2,11.8,15.43,,0.0,11.557,1185300,714,4029;5081,4636;5883,7288
P78371,,,14,38.5,57.488,,0.0,112.99,7649800,716,502;806;814;1459;2187;2481;2503;2673;2986;3186;3600;3728;3932;4714,588;932;940;1662;2526;2865;2897;3091;3441;3663;4145;4289;4522;5466;5467,953
P78417,,,5,22.4,27.566,,0.0,32.142,2001500,718,838;1744;1885;3162;4710,968;2013;2173;3638;5461,1566
P78527,,,6,1.8,469.08,,0.0,54.447,1767300,719,173;356;916;1269;3365;3381,206;418;1057;1459;3878;3879;3896,328
P80723,,,3,23.3,22.693,,0.0,17.508,661310,720,100;296;297,115;350;351,177
P83731,,,4,25.5,17.779,,0.0,26.982,4015000,721,174;3642;4469;4518,207;4191;5175;5237,330
P84090,,,2,17.3,12.259,,0.0,12.99,1226400,723,3262;3884,3753;4464,5901
P84098,,,3,17.9,23.466,,0.0,22.661,1789100,724,1948;2715;4810,2252;3137;5578,3598
P84103,,,2,5.5,19.329,,0.0,15.29,9134600,725,115;3441,133;3968;3969,204
P98179,,,2,21.0,17.17,,0.0,13.409,1970600,726,1544;5130,1759;5944,2771
P99999,,,4,31.4,11.749,,0.0,34.114,3281300,727,65;1613;1614;3160,75;1852;1853;1854;3635,114
Q00325,,,5,15.2,40.094,,0.0,41.007,3783400,729,1234;1604;1788;2273;4660,1416;1843;2058;2623;5402,2251
Q00341,,,4,4.5,141.45,,0.0,27.005,917530,730,430;909;3243;4023,503;1050;3730;4626,820
Q00532,,,3,9.8,41.802,,0.0,15.945,159720,731,2021;2408;3528,2337;2780;4063,3746
Q00610,,,49,40.4,191.61,,0.0,323.31,67787000,732,51;153;200;299;372;460;685;831;899;1067;1193;1304;1330;1344;1734;1870;1875;1951;2008;2337;2374;2388;2407;2472;2493;2551;2651;2737;2775;2802;2883;2963;3376;3391;3765;4053;4063;4236;4304;4403;4532;4565;4664;4736;4779;4866;4952;4974;4982,60;182;238;353;436;539;791;961;1034;1035;1224;1370;1495;1521;1536;2003;2157;2162;2255;2323;2694;2735;2736;2737;2738;2755;2778;2779;2856;2886;2949;3066;3160;3161;3203;3232;3233;3331;3414;3890;3906;4329;4665;4676;4677;4914;4991;5100;5253;5296;5406;5491;5540;5643;5737;5762;5774,95
Q00653,,,2,3.8,96.748,,0.0,11.379,721260,733,1424;2079,1625;2402,2570
Q00688,,,4,21.4,25.177,,0.0,25.615,1411600,734,412;573;1290;1824,480;669;1480;2102,770
Q00839,,,17,30.4,90.583,,0.0,150.46,95628000,735,511;582;943;1694;1695;2384;2887;2888;3104;3200;3322;3452;3548;3580;4011;4115;5051,599;679;1092;1955;1956;1957;1958;1959;2751;3335;3336;3576;3677;3828;3981;3982;4085;4123;4613;4744;4745;5852,979
Q01082,,,5,1.9,274.61,,0.0,31.559,1420400,737,1964;2988;3188;3669;3670,2270;3443;3665;4223;4224,3626
Q01105,,,5,27.9,33.488,,0.0,40.415,11100000,738,1039;2044;2826;3631;4486,1194;2361;3264;4179;5195,1900
Q01130,,,2,14.9,25.476,,0.0,19.288,1320600,739,485;4088,569;4706,922
Q01518,,,6,20.6,51.901,,0.0,50.799,2640500,741,69;226;1012;2616;2931;4006,79;270;1167;3023;3379;4608,120
Q01813,,,18,34.1,85.595,,0.0,169.95,18474000,743,168;260;334;645;918;1003;1121;1386;1630;2129;2831;2870;3173;3306;3496;3499;4167;4925,198;309;394;747;1059;1060;1158;1282;1582;1880;1881;2457;3271;3316;3649;3810;3811;4031;4034;4811;5706,316
Q01844,,,3,7.2,68.477,,0.0,23.306,709020,744,35;1478;3598,41;1682;4143,58
Q02543,,,5,30.1,20.762,,0.0,33.443,3326700,746,653;1422;2085;3319;4008,756;1623;2410;3825;4610,1215
Q02790,,,8,27.2,51.804,,0.0,54.39,3412800,747,346;407;1206;1506;1512;2354;4295;4524,407;475;1384;1710;1716;2711;4981;5244,663
Q02878,,,7,25.7,32.728,,0.0,50.628,7977600,748,371;1940;1961;3653;4055;4948;5136,435;2243;2265;4205;4206;4667;4668;5733;5952,707
Q03252,,,3,5.5,69.948,,0.0,19.23,399130,752,882;2571;4347,1014;2970;5038,1634
Q04637,,,10,8.9,175.49,,0.0,68.563,5115600,754,169;874;1299;1802;2314;3140;3189;3816;4489;4498,199;200;1006;1489;2074;2668;3613;3666;4389;5198;5208,318
Q04760,,,7,52.2,20.777,,0.0,49.115,32349000,755,349;547;1362;1640;2032;3913;4608,410;640;1556;1893;1894;2348;4500;5342,668
Q04837,,,2,22.3,17.259,,0.0,38.042,3084900,756,3444;3590,3972;3973;4134;4135,6263
Q05639,,,5,23.5,50.47,,0.0,31.484,14589000,758,892;2112;2114;2871;3410;3538;3662;3712;3813;4047;4174;4483;5134,1024;1025;2438;2440;3317;3929;3930;3931;3932;3933;4075;4216;4271;4272;4385;4386;4658;4659;4819;4820;4821;4822;4823;4824;4825;4826;4827;4828;4829;4830;4831;4832;4833;4834;4835;4836;4837;4838;4839;4840;4841;4842;4843;4844;5190;5949;5950,1647
Q06210,,,3,7.0,78.806,,0.0,18.563,1107300,759,376;3421;4567,440;3947;5299,714
Q06323,,,2,9.2,28.723,,0.0,13.55,1364700,760,3282;4501,3774;5211,5927
Q06830,,,10,54.8,22.11,,0.0,67.702,21171000,762,54;340;602;1648;1902;2821;3034;3630;3648;4182,63;400;701;1903;1904;2193;3259;3498;4178;4199;4853,98
Q07020,,,4,25.5,21.634,,0.0,38.094,4852100,763,1469;2200;4114;4263,1673;2541;4743;4949,2641
Q07021,,,6,31.6,31.362,,0.0,58.567,10579000,764,129;130;250;1105;3225;4458,148;149;299;1266;3707;5162;5163,226
Q07666,,,2,7.7,48.227,,0.0,13.313,1853300,767,716;2385,824;2752,1317
Q07955,,,4,19.4,27.744,,0.0,25.086,2182400,770,583;1580;3876;4804,680;1815;4452;5572,1106
Q08211,,,26,27.8,140.96,,0.0,173.51,14214000,771,10;557;608;955;1167;1351;1626;1687;2463;2588;2622;2841;2844;2903;2948;3303;3326;3672;4024;4284;4325;4376;4497;4721;5064;5073,12;651;707;1106;1334;1544;1876;1948;2846;2989;3029;3283;3286;3351;3398;3807;3832;4226;4627;4970;5013;5014;5072;5073;5207;5474;5866;5875,16
Q08J23,,,4,5.7,86.47,,0.0,24.156,1024000,773,2155;2191;2343;2902,2488;2531;2700;3350,3991
Q09666,,,30,19.1,629.09,,0.0,195.98,14987000,774,87;881;1363;1498;1499;1509;1510;1511;1706;1712;1718;2058;2074;2287;2288;2289;2564;2565;3263;4431;4432;4433;4434;4435;4437;4438;4447;4448;4449;4737,100;1013;1557;1702;1703;1713;1714;1715;1970;1980;1986;2375;2395;2638;2639;2640;2962;2963;3754;5133;5134;5135;5136;5137;5138;5140;5141;5151;5152;5153;5492,158
Q10471,,,5,15.2,64.732,,0.0,46.276,2783200,775,920;1571;4651;4796;4906,1062;1804;5391;5392;5563;5686,1707
Q12765,,,2,12.1,46.382,,0.0,16.789,851450,776,1026;4080,1181;4695,1883
Q12792,,,3,10.0,40.282,,0.0,27.88,362440,778,2734;3302;3879,3157;3806;4457,5009
Q12797,,,6,14.5,85.862,,0.0,50.063,5202300,779,1318;1429;2639;3291;4046;4617,1509;1631;3049;3789;4656;4657;5352,2385
Q12904,,,2,13.1,34.352,,0.0,12.52,1054600,781,2363;2415,2721;2788;2789,4340
Q12905,,,7,30.0,43.062,,0.0,50.104,4805200,782,1775;2185;2234;2423;4578;4643;4840,2045;2524;2580;2581;2797;5311;5382;5609,3233
Q12906,,,7,8.4,95.337,,0.0,41.52,1368500,783,414;1403;1487;2458;2843;4641;4712,483;1600;1691;2841;3285;5380;5463,776
Q12907,,,3,10.4,40.228,,0.0,19.221,1540900,784,570;761;2619,666;876;3026,1088
Q12931,,,3,7.1,80.109,,0.0,22.07,970890,785,1120;3203;3777,1281;3681;4342,2026
Q13011,,,4,15.5,35.816,,0.0,28.306,1075100,789,3193;4554;4926;5069,3670;5280;5707;5871,5783
Q13126,,,2,14.1,31.236,,0.0,14.284,762660,792,854;3935,986;4525,1598
Q13148,,,4,14.7,44.739,,0.0,33.516,5469600,794,870;1380;3002;4300,1002;1576;3461;4986,1620
Q13151,,,5,25.9,30.84,,0.0,36.081,6020800,795,1497;1554;1587;2604;2626,1701;1785;1822;3006;3033;3034,2681
Q13177,,,3,12.4,58.042,,0.0,28.186,1811300,797,254;1044;2400,303;1199;2770;2771,494
Q13185,,,5,36.6,20.811,,0.0,40.957,2433600,798,465;2133;2452;2997;4858,547;2461;2833;3454;5634,892
Q13200,,,7,13.3,100.2,,0.0,54.566,16294000,799,92;396;1358;2833;3011;3192;4869,106;107;463;464;1551;3274;3472;3669;5646,166
Q13247,,,3,6.1,39.586,,0.0,17.645,781240,800,483;2695;4258,567;3115;4943,920
Q13263,,,8,14.6,88.549,,0.0,52.054,4277600,801,575;605;1350;2327;2696;2950;3090;4517,671;704;1543;2683;3116;3400;3559;5236,1095
Q13283,,,7,21.5,52.164,,0.0,51.279,8699700,802,541;1437;1956;1981;2873;3749;4662,634;1639;2260;2292;3319;3320;4310;5404,1040
Q13310,,,2,3.7,70.782,,0.0,10.973,420240,803,196;1545;1549;1835;2311;3552;3930,234;1760;1764;2118;2665;4089;4519,370
Q13347,,,5,18.8,36.501,,0.0,32.901,1473800,804,664;694;1222;2121;2596,770;800;1403;2448;2997,1240
Q15819,,,2,13.8,16.363,,0.0,15.007,779080,806,2730;4895,3153;5673,5003
Q13451,,,2,5.3,51.212,,0.0,13.025,229140,808,2353;5042,2710;5842,4322
Q13501,,,8,43.6,47.687,,0.0,71.391,4324100,809,472;1092;1353;2019;3418;3506;3539;4019,555;1253;1546;2335;3944;4041;4076;4622,904
Q13509,,,7,21.1,50.432,,0.0,63.354,11842000,810,171;246;1089;1321;1417;1597;2214;2281;2300;2498;2504;2648;3229;3413;3469;5031,202;203;204;293;294;1249;1512;1614;1835;2556;2631;2632;2653;2892;2898;2899;3060;3712;3936;4001;4002;5825,324
Q13813,,,6,3.4,284.54,,0.0,40.993,2426400,815,22;992;2303;2562;2914;4603,26;1147;2656;2960;3362;5336,38
Q13838,,,10,14.7,48.991,,0.0,67.983,5368300,816,443;546;946;1301;1641;1758;1890;2203;2976;4682,517;639;1095;1491;1492;1895;2027;2179;2545;3428;5426,843
Q13907,,,2,13.7,26.319,,0.0,19.156,567540,818,124;307,142;362,216
Q14008,,,2,1.4,225.49,,0.0,11.551,439120,819,2665;3141,3083;3614,4898
Q14011,,,2,20.3,18.648,,0.0,24.404,1115800,820,1551;2627,1767;3035,2789
Q14019,,,2,19.7,15.945,,0.0,14.276,411660,821,521;1155,611;1322,1002
Q14103,,,4,15.5,38.434,,0.0,39.678,9142500,822,1128;1233;1547;2102;3146,1291;1292;1414;1415;1762;2427;3619,2042
Q14152,,,8,9.0,166.57,,0.0,50.645,3067900,826,861;2587;2726;2788;2987;3524;4238;4621,993;2988;3149;3218;3442;4059;4916;5356,1609
Q14157,,,2,2.7,114.53,,0.0,12.643,767410,827,172;2048,205;2365,326
Q14165,,,2,12.0,32.233,,0.0,14.948,1768400,828,1144;5047,1309;5848,2072
Q14166,,,3,11.8,74.403,,0.0,22.533,1216800,829,457;2567;3214,536;2965;3693,874
Q14204,,,21,7.3,532.4,,0.0,155.9,9379900,830,154;1055;1114;1316;1504;1603;1989;2006;2229;2233;2772;3033;4147;4390;4499;4626;4734;4750;4893;4993;5061,183;1211;1275;1507;1708;1842;2302;2321;2573;2579;3200;3497;4787;5087;5209;5361;5489;5505;5671;5786;5863,294
Q14247,,,4,15.1,61.585,,0.0,44.922,1420900,831,313;1727;2880;3279,368;1995;3328;3771,603
Q14257,,,2,10.1,36.876,,0.0,14.017,1378200,832,3331;4834,3840;5603,6039
Q14258,,,3,5.4,70.973,,0.0,19.908,964580,833,1191;1611;3458,1368;1850;3988,2172
Q14315,,,11,7.4,291.02,,0.0,71.015,3538300,834,539;803;820;1306;1674;1711;1786;1914;2580;2660;2753;4273;4451;4937,632;929;949;1497;1934;1979;2056;2208;2980;3077;3178;4959;5155;5721,1037
Q14444,,,4,7.8,78.365,,0.0,31.386,4097200,836,2827;3625;4345;5070,3265;3266;4173;5035;5872,5167
Q14498,,,4,9.4,59.379,,0.0,24.12,974530,837,622;1843;1905;2080,723;2128;2196;2403,1166
Q14566,,,7,10.5,92.888,,0.0,41.923,1488000,838,1048;2290;2975;3114;3839;3923;5025,1204;2641;3427;3586;4412;4512;5819,1915
Q14697,,,20,38.8,106.87,,0.0,140.58,18958000,839,217;527;537;682;740;1231;1354;1664;1911;2530;2939;3194;3434;3515;3743;4005;4176;4702;4907;4967,259;617;618;630;788;854;855;1412;1547;1924;2203;2204;2928;3388;3671;3961;4050;4304;4607;4846;5453;5687;5754,413
Q14739,,,2,7.2,70.702,,0.0,21.941,861810,840,3292;4881,3790;5659,5961
Q14839,,,6,5.1,218.0,,0.0,41.409,2066900,841,1018;1252;1708;2739;3177;4003,1173;1442;1975;3163;3653;4605,1868
Q14847,,,2,10.3,29.717,,0.0,14.978,864760,842,1564;3693,1797;4249,2848
Q14914,,,3,14.6,35.869,,0.0,17.386,1355700,843,329;1897;3121,388;2187;3594,636
Q14974,,,16,25.0,97.169,,0.0,122.12,24502000,844,34;726;1059;1891;2915;3133;3556;3820;3956;4004;4319;4585;4715;4860;5010;5038,39;40;839;1215;2180;3363;3606;4093;4094;4393;4550;4606;5007;5318;5468;5636;5804;5832,56
Q15019,,,5,24.7,41.487,,0.0,38.141,2083900,847,323;2171;3690;4193;4255,380;2510;4246;4865;4940,622
Q15029,,,3,4.7,109.43,,0.0,22.278,1052100,848,1574;3064;3867;4091,1809;3532;4442;4710,2861
Q15046,,,9,20.4,68.047,,0.0,61.336,13477000,849,1210;1255;2170;2676;2861;3008;4400;4764;5006,1389;1445;2509;3094;3304;3468;3469;5097;5523;5800,2211
Q15056,,,3,19.4,27.385,,0.0,26.443,2951300,850,808;1532;4331,934;1743;5021,1515
Q15084,,,8,23.9,48.121,,0.0,67.146,29288000,851,195;742;1749;1755;2389;2464;3369;3473,232;233;857;2018;2024;2756;2847;3883;4006,368
Q15121,,,5,44.6,15.04,,0.0,32.322,1787600,853,673;2280;2528;3762;3828,779;2630;2925;2926;4326;4401,1251
Q15149,,,2,0.7,531.78,,0.0,12.316,619160,854,1537;5023,1752;5817,2761
Q15165,,,3,19.8,39.38,,0.0,16.342,1716300,855,1320;1876;4992,1511;2163;5785,2387
Q15181,,,12,50.2,32.66,,0.0,86.851,14593000,856,609;689;738;1742;1743;1849;2707;4542;4543;4606;4997;5109,708;709;795;851;852;2011;2012;2135;3129;5266;5267;5339;5340;5790;5917,1144
Q15185,,,4,31.2,18.697,,0.0,40.99,17808000,857,752;1937;2850;2972,867;2239;2240;3293;3424,1383
Q15233,,,5,15.1,54.231,,0.0,37.724,2822400,858,470;1159;2629;3579;4470,553;1326;3037;4122;5176,901
Q15287,,,2,8.9,34.208,,0.0,15.281,686760,859,572;1837,668;2120,1090
Q15293,,,4,20.5,38.89,,0.0,37.333,2313100,860,853;935;1996;2049,985;1084;2309;2366,1597
Q15363,,,3,18.9,22.761,,0.0,26.244,1080300,861,1883;2340;2560,2171;2697;2958,3457
Q15365,,,10,35.7,37.497,,0.0,79.641,7318000,862,107;108;1058;1861;2154;2231;2556;3055;3635;4670,123;124;125;1214;2147;2487;2575;2576;2577;2954;3523;4183;5414,191
Q15366,,,4,13.7,38.58,,0.0,26.5,1921900,863,107;1058;2153;2231;2557;3054;3566,123;1214;2486;2575;2576;2577;2955;3522;4105,191
Q15370,,,3,27.1,13.133,,0.0,17.592,469920,865,2331;3076;4219,2687;3544;4895,4294
Q15393,,,5,5.7,135.58,,0.0,37.378,3146500,866,1364;1399;2335;4051;4619,1558;1596;2691;4663;5354,2464
Q15631,,,2,12.3,26.183,,0.0,13.63,713900,871,2453;3549,2834;4086,4500
Q15637,,,2,6.1,68.329,,0.0,14.941,1339600,872,420;1953,492;2257,792
Q15691,,,4,17.5,29.999,,0.0,27.774,3341500,873,394;1216;1328;2568,461;1396;1519;2966,748
Q15907,,,4,26.6,24.488,,0.0,39.821,3135800,876,567;1461;1942;3424,662;663;1664;2245;3950,1081
Q16181,,,5,20.8,50.679,,0.0,33.397,4735900,879,1199;2465;3747;4036;4713,1377;2848;4308;4644;5464;5465,2186
Q16222,,,7,15.9,58.768,,0.0,50.536,3357400,880,186;1024;1396;1415;1688;4218;4414,222;1179;1593;1612;1949;4894;5114,354
Q16401,,,2,5.6,56.195,,0.0,16.412,994790,881,2808;4522,3243;5242,5132
Q16531,,,5,6.8,126.97,,0.0,33.5,2433700,882,255;1483;2358;2447;4060,304;1687;2715;2827;4673,495
Q16543,,,3,9.0,44.468,,0.0,27.726,1049900,883,755;2889;3746,870;3337;4307,1388
Q16555,,,3,9.1,62.293,,0.0,33.613,1882500,884,2341;3109;3798,2698;3581;4367;4368,4309
Q16576,,,4,12.2,47.82,,0.0,27.045,3534900,885,770;2813;4287;4330,887;3250;4973;5020,1413
Q16630,,,2,4.5,59.209,,0.0,15.846,328390,887,3624;4285,4172;4971,6571
Q16658,,,7,16.8,54.529,,0.0,59.534,4412300,889,1282;2686;2928;3278;3516;4026;5004,1472;3104;3376;3770;4051;4629;4630;5798,2331
Q16719,,,4,11.2,52.351,,0.0,28.788,1072600,890,2063;3521;3773;4061,2380;4056;4338;4674,3806
Q16851,,,3,9.8,56.94,,0.0,16.79,987460,893,1780;3305;4211,2050;3809;4886,3243
Q16881,,,15,32.8,70.905,,0.0,134.68,64473000,894,1124;1534;2257;2258;2811;3158;4083;4473;4479;4672;4768;4782;4806;4847;5012,1285;1745;2605;2606;3246;3633;4699;4700;5179;5186;5416;5527;5528;5543;5574;5623;5806,2031
Q1KMD3,,,5,9.5,85.104,,0.0,34.06,4854400,895,638;763;860;1326;5054,740;878;879;992;1517;5855,1192
Q3ZCM7,,,2,7.4,49.775,,0.0,12.84,6748700,897,392;795;1321;2391;2504;2649;3413;4112,459;921;1512;2758;2898;2899;3061;3062;3063;3936;4739;4740;4741,746
Q5SSJ5,,,2,4.3,61.206,,0.0,12.066,167950,909,342;2554,402;2952,655
Q5T6V5,,,3,11.4,39.028,,0.0,19.567,1301800,911,300;1473;2809,354;1677;3244,582
Q6DD88,,,3,13.9,60.541,,0.0,19.115,1569400,915,607;3334;5075,706;3843;5877,1142
Q6DKJ4,,,2,8.3,48.392,,0.0,14.021,1090500,916,180;2570,215;2969,344
Q6P2Q9,,,3,1.7,273.6,,0.0,21.015,1412600,920,1784;2305;2760,2054;2658;3187,3251
Q6PIU2,,,5,14.0,45.807,,0.0,31.519,1646500,921,2347;2814;4375;4745;4815,2704;3251;5071;5500;5583,4315
Q7KZF4,,,7,13.2,102.0,,0.0,44.902,5776600,925,785;2118;2923;3289;3790;4634;4669,905;2445;3371;3787;4359;5371;5372;5413,1441
Q7L014,,,3,3.4,117.36,,0.0,18.652,725420,926,1836;3714;4766,2119;4274;5525,3370
Q7L2H7,,,5,21.7,42.502,,0.0,37.364,1633100,927,1445;3463;3691;4671;4854,1648;3994;4247;5415;5630,2608
Q7L576,,,2,2.1,145.18,,0.0,16.466,729670,928,1333;5028,1524;5822,2417
Q86V81,,,4,22.2,26.888,,0.0,27.15,1933300,937,3116;3557;3928;4883,3588;4095;4096;4517;5661,5669
Q86VP6,,,3,2.9,136.37,,0.0,17.626,693140,938,72;449;1382,82;527;1578,123
Q8IYD1,,,3,2.7,68.882,,0.0,18.415,1304200,943,1933;2399;3533,2233;2769;4068,3565
Q8N1F7,,,3,4.0,93.487,,0.0,24.275,749880,949,666;807;1053,772;933;1209,1242
Q8NBS9,,,4,10.0,47.628,,0.0,27.193,1294800,952,1133;1854;1855;4425,1298;2140;2141;5126,2055
Q8NC51,,,4,16.2,44.965,,0.0,41.324,4647800,954,1187;2433;3537;3826,1364;2807;4073;4074;4399,2167
Q8TAQ2,,,3,8.2,132.88,,0.0,18.363,1868500,961,3432;3727;4852,3959;4288;5628,6244
Q8WUM4,,,2,3.1,96.022,,0.0,13.543,798680,969,1432;3254,1634;3742,2585
Q8WVM8,,,4,7.9,72.379,,0.0,25.734,1550400,970,2425;3462;3551;4667,2799;3993;4088;5410,4451
Q92616,,,7,3.9,292.71,,0.0,41.555,1616300,979,507;1398;2174;2953;3082;3242;4077,594;1595;2513;3403;3550;3729;4692,972
Q92688,,,2,9.6,28.787,,0.0,12.44,1928700,980,2093;2780;2876;3916,2418;3210;3324;4504,3866
Q92841,,,17,20.6,80.272,,0.0,113.14,7749600,983,281;477;665;767;952;1401;1484;1760;1795;2669;2687;3178;3330;3705;4017;4191;4210,334;560;771;883;1102;1598;1688;2029;2067;3087;3105;3654;3839;4262;4620;4863;4885,550
Q92896,,,2,1.7,134.55,,0.0,13.0,661120,984,2736;3234,3159;3719,5011
Q92945,,,8,13.8,73.114,,0.0,50.61,3154900,985,408;486;2492;3163;4068;4700;4717;4719,476;570;2885;3639;4682;5451;5470;5472,765
Q92973,,,5,8.2,102.35,,0.0,33.174,3231900,986,251;1500;2035;4227;5083,300;1704;2351;4905;5885,490
Q969H8,,,2,12.1,18.795,,0.0,13.799,549420,989,1444;4092,1647;4711,2607
Q96AC1,,,2,3.8,77.86,,0.0,13.921,859400,990,764;2763,880;3190,1401
Q96AE4,,,4,6.5,67.56,,0.0,22.798,2056300,991,408;1015;1165;2269;4699,476;1170;1332;2619;5450,765
Q96AG4,,,5,18.2,34.93,,0.0,40.957,3422500,992,1873;2989;3030;3046;3759,2160;3444;3493;3513;4322,3443
Q96B97,,,2,4.4,73.125,,0.0,11.477,239690,993,514;2047,603;2364,987
Q96C19,,,5,22.1,26.697,,0.0,35.728,3179700,994,68;560;873;2934;4516,78;654;1005;3382;5235,118
Q96EP5,,,2,10.6,43.383,,0.0,22.387,1847700,1000,1543;2625,1758;3032,2769
Q96FW1,,,6,25.5,31.284,,0.0,38.476,2003600,1002,113;1122;1219;2576;2798;4818,130;131;1283;1399;2976;3228;5587,200
Q96HE7,,,6,23.3,54.392,,0.0,44.196,5715700,1004,1866;2365;3184;3608;3766;5016,2152;2725;3660;3661;4153;4330;5810,3430
Q96IU4,,,2,15.2,22.345,,0.0,12.435,843690,1005,2221;4268,2565;4954,4110
Q96KP4,,,2,7.2,52.878,,0.0,14.448,746710,1009,1171;4898,1338;1339;5676,2115
Q96P16,,,2,2.6,35.719,,0.0,13.548,1206000,1010,2971;3544,3422;3423;4081,5399
Q96QK1,,,5,10.9,91.706,,0.0,34.973,1482300,1013,1888;3344;3348;3649;3825,2177;3854;3860;4200;4398,3466
Q96SB4,,,2,4.9,74.324,,0.0012706,10.693,597410,1014,1016;2135,1171;2464,1866
Q96TA1,,,3,6.0,84.137,,0.0,23.734,3024200,1016,1331;1361;3739,1522;1555;4300,2413
Q99436,,,3,17.7,29.965,,0.0,17.616,28329000,1018,343;2320;2886,403;2675;2676;3334,657
Q99439,,,4,17.8,33.697,,0.0,36.338,2037100,1019,1671;1723;3953;4366,1931;1991;4545;5062,3069
Q99497,,,8,57.1,19.891,,0.0,48.531,4993700,1020,249;757;758;890;1443;1661;3197;4759,298;872;873;1022;1646;1921;3674;5516,484
Q99536,,,4,17.3,41.92,,0.0,24.947,696150,1021,1088;1792;2878;4628,1248;2064;3326;5363,1979
Q99584,,,2,20.4,11.471,,0.0,14.919,368590,1022,719;3918,830;4506,1329
Q99623,,,6,25.1,33.296,,0.0,50.774,4839000,1023,308;1305;2259;2346;2376;2769,363;1496;2607;2608;2703;2741;2742;3197,595
Q99729,,,4,14.2,36.224,,0.0,32.214,5233000,1025,1127;1542;1566;3151,1288;1289;1290;1757;1799;3625,2040
Q99832,,,13,32.2,59.366,,0.0,98.112,9416500,1030,201;469;1568;2020;2868;3198;3654;3689;3722;3931;3985;4161;4538,239;552;1801;2336;3313;3675;4207;4245;4283;4520;4521;4582;4583;4804;5262,378
Q99873,,,5,18.1,42.461,,0.0,35.825,2868000,1031,350;2120;3713;4552;4861,411;2447;4273;5278;5637,670
Q9BPZ3,,,3,56.7,14.984,,0.0,20.838,1642100,1033,441;3637;4022,515;4185;4625,841
Q9BQE3,,,19,13.4,49.895,,0.0,193.68,182650000,1034,131;366;381;417;749;771;817;837;919;1179;1183;2116;2688;3364;3658;4187;4197;4528;5035,150;151;152;153;154;155;156;430;445;446;488;489;864;888;944;945;946;967;1061;1351;1352;1353;1354;1355;1356;1360;2442;2443;3106;3107;3876;3877;4211;4212;4858;4859;4870;5249;5829,234
Q9BQG0,,,2,2.0,148.85,,0.0,11.343,726960,1035,872;2645,1004;3056,1622
Q9BRA2,,,3,30.9,13.941,,0.0,24.153,3570100,1036,4076;4186;4945,4691;4857;5729;5730,7373
Q9BSJ8,,,4,5.6,122.85,,0.0,23.625,1355100,1038,404;2980;4638;4844,472;3432;5377;5614,760
Q9BTT0,,,6,34.7,30.692,,0.0,52.541,16398000,1039,464;967;2426;2575;3915;3972,546;1120;1121;2800;2975;4502;4503;4567,890
Q9BUF5,,,4,15.9,49.857,,0.0,45.641,10057000,1040,25;1089;1321;1416;1596;2239;2504;2649;3100;3413;3469;4724;5031,29;1249;1512;1613;1833;1834;2586;2898;2899;3061;3062;3063;3570;3571;3936;4001;4002;5477;5478;5479;5825,42
Q9BUJ2,,,4,6.0,95.737,,0.0,27.64,1308400,1041,103;2225;4836;4874,118;2569;5605;5651,181
Q9BVK6,,,2,11.9,27.277,,0.0,23.593,724160,1043,439;3668,513;4222,838
Q9BVL2,,,2,4.5,60.896,,0.0,16.052,503740,1044,2205;3147,2547;3620,4079
Q9BXJ9,,,3,5.5,101.27,,0.0,20.387,1487200,1048,4297;4832;4872,4983;5601;5649,7890
Q9GZT3,,,2,25.7,12.349,,0.0,11.921,565600,1057,1659;3274,1918;3765,3050
Q9GZY8,,,2,9.4,38.464,,0.0,13.345,539400,1058,2356;3517,2713;4052,4325
Q9H299,,,2,20.4,10.438,,0.0,14.18,770500,1062,2276;2277,2626;2627,4205
Q9H3K6,,,2,40.7,10.116,,0.0,13.039,842370,1064,615;3027,716;3490,1157
Q9H3N1,,,5,18.6,31.791,,0.0,32.237,1965200,1065,543;1261;2793;4450;4570,636;1451;3223;5154;5303,1043
Q9H7Z7,,,2,8.2,41.943,,0.001269,10.651,341750,1072,3736;4288,4297;4974,6756
Q9HAV4,,,2,2.3,136.31,,0.0,13.438,679410,1076,688;1119,794;1280,1271
Q9HB71,,,7,49.6,26.21,,0.0,45.858,5189700,1078,93;942;2291;2375;3856;4093;4837,108;1091;2642;2739;2740;4430;4712;5606,168
Q9NQC3,,,3,5.1,129.93,,0.0,18.779,1034700,1082,1715;2432;5094,1983;2806;5897,3144
Q9NR30,,,3,5.7,87.343,,0.0,23.832,818360,1087,284;2958;4884,338;3409;5662,556
Q9NR31,,,2,16.2,22.367,,0.0,12.153,1302400,1088,914;3509,1055;4044,1696
Q9NR45,,,4,22.3,40.307,,0.0,25.917,3610000,1089,1747;2248;4656;4900,2016;2595;5398;5679;5680,3191
Q9NR56,,,2,8.5,41.817,,0.0,11.314,992190,1090,1150;4870,1316;5647,2082
Q9NS69,,,2,16.2,15.521,,0.0,17.996,801400,1093,2908;3065,3356;3533,5293
Q9NSD9,,,4,10.2,66.115,,0.0,27.517,1636500,1094,63;1924;2598;3436,72;2222;2999;3963,109
Q9NSE4,,,2,2.3,113.79,,0.0,11.048,614070,1095,997;5101,1152;5907,1840
Q9NTK5,,,4,16.9,44.743,,0.0,32.213,2542500,1096,1431;3508;3559;4031,1633;4043;4098;4638,2583
Q9NUQ9,,,4,15.1,36.748,,0.0,24.682,1003500,1098,937;3226;3240;3614,1086;3708;3727;4161,1747
Q9NVP1,,,2,4.2,75.406,,0.0,11.788,849100,1099,1585;4708,1820;5459,2880
Q9NX40,,,2,9.4,27.626,,0.0,14.269,754050,1101,1063;4491,1220;5200,1937
Q9NX58,,,2,6.6,43.633,,0.0,16.536,903840,1102,983;3827,1138;4400,1822
Q9NZ01,,,3,10.1,36.034,,0.0,20.667,1097800,1107,2000;2742;2882,2313;3167;3330,3709
Q9NZM1,,,26,17.8,234.71,,0.0,174.88,13054000,1108,43;258;540;576;606;713;896;1623;1726;1827;2056;2204;2243;2398;2448;2563;2668;2845;2909;3397;3805;3901;4312;4474;4560;4572,51;307;633;672;705;821;1031;1872;1994;2107;2373;2546;2590;2768;2828;2961;3086;3287;3357;3913;4376;4483;4999;5000;5180;5291;5305,78
Q9P035,,,2,11.9,43.159,,0.0,12.025,945350,1110,1493;4472,1697;5178,2676
Q9P0L0,,,3,25.7,27.893,,0.0,22.701,3538500,1111,1302;1709;4927,1493;1976;5708,2363
Q9P2J5,,,14,15.3,134.46,,0.0,106.49,10839000,1114,391;1112;1352;1567;3087;3312;3370;3606;3862;3926;4436;4492;4575;4882,458;1273;1545;1800;3556;3817;3884;4151;4436;4515;5139;5201;5308;5660,743
Q9UBE0,,,2,11.6,38.449,,0.0,12.021,1603300,1116,691;1226,797;1407,1275
Q9UDY2,,,2,2.4,133.96,,0.0,10.948,889460,1119,111;279,128;332,197
Q9UDY4,,,2,8.9,37.806,,0.0,15.167,626270,1120,880;4732,1012;5487,1632
Q9UHB6,,,2,4.6,85.225,,0.0,16.042,619170,1123,3936;3987,4526;4585,7101
Q9UHD8,,,3,8.4,65.401,,0.0,19.061,952310,1125,2994;4703;5024,3450;5454;5818,5444
Q9UHV9,,,3,26.0,16.648,,0.0,22.559,876950,1126,11;2128;3248,13;2456;3735,17
Q9UHX1,,,2,4.7,59.875,,0.0,15.18,663430,1127,4767;4824,5526;5593,8773
Q9UI30,,,2,22.4,14.199,,0.0,19.115,999280,1129,1725;4487,1993;5196,3158
Q9UJU6,,,3,11.4,48.207,,0.0,35.274,877960,1131,1845;3981;4363,2130;4576;5059,3389
Q9UJZ1,,,6,25.6,38.534,,0.0,59.636,7735500,1132,104;288;754;1054;2179;3484,119;342;869;1210;2518;4017;4018,182
Q9UK76,,,4,61.0,16.014,,0.0,36.751,3358400,1133,832;1508;3099;4645,962;1712;3569;5384,1558
Q9UKK9,,,4,24.2,24.327,,0.0,31.585,5865400,1134,1041;3534;3745;4224,1196;4069;4306;4901;4902,1903
Q9UL46,,,2,12.6,27.401,,0.0,15.693,776750,1135,132;2062,157;2379,253
Q9ULT8,,,3,1.3,289.37,,0.0,17.835,500940,1137,2207;2666;3543,2549;3084;4080,4081
Q9ULV4,,,5,23.6,53.248,,0.0,38.549,9013700,1138,163;2445;3414;4763;4959,193;2825;3937;3938;3939;5522;5745,309
Q9UMX0,,,3,8.5,62.518,,0.0,19.235,2300400,1140,240;698;3882,286;805;4461;4462,459
Q9UNH7,,,2,5.7,46.648,,0.0,13.521,891770,1143,3399;3609,3915;4154,6142
Q9UNM6,,,4,14.4,42.945,,0.0,32.857,2227100,1144,2324;3070;3740;5137,2680;3538;4301;5953,4285
Q9UQ80,,,13,45.9,43.786,,0.0,99.172,7087600,1146,20;85;112;1388;1477;1598;1877;2322;3022;3814;3840;3944;4097,24;96;97;98;129;1584;1681;1836;2164;2678;3484;4387;4413;4535;4717,34
Q9Y224,,,3,18.9,28.068,,0.0,20.398,1725700,1147,1917;2223;3325,2212;2567;3831,3522
Q9Y230,,,7,17.9,51.156,,0.0,46.382,2531200,1148,18;389;1131;1408;2765;4293;4821,22;456;1296;1605;3193;4979;5590,31
Q9Y262,,,2,5.3,66.726,,0.0,17.426,1580600,1149,1494;4814,1698;5582,2677
Q9Y265,,,8,27.9,50.227,,0.0,63.257,3710900,1150,209;390;790;904;921;4199;4705;5100,247;248;457;910;1043;1044;1063;4872;5456;5906,393
Q9Y266,,,2,7.3,38.242,,0.0,14.329,596080,1151,1297;4460,1487;5165,2353
Q9Y295,,,2,7.1,40.542,,0.0,10.963,359610,1154,2051;2127,2368;2455,3791
Q9Y2B0,,,2,14.3,20.652,,0.0,12.504,289040,1155,2053;2235,2370;2582,3794
Q9Y383,,,3,8.9,46.513,,0.0,18.048,425420,1160,263;2654;4480,315;3070;5187,516
Q9Y3D6,,,2,17.8,16.937,,0.0,16.43,715610,1162,1632;3122,1884;3595,2995
Q9Y3F4,,,2,8.3,38.438,,0.0,13.147,506790,1164,4807;4940,5575;5724,8884
Q9Y3I0,,,2,8.1,55.21,,0.0,11.129,469680,1165,1668;3026,1928;3489,3064
Q9Y3U8,,,2,19.0,12.254,,0.0,15.095,1239000,1166,858;5062,990;5864,1603
Q9Y490,,,24,12.4,269.76,,0.0,171.67,6222100,1167,4;47;161;193;211;241;363;399;789;1035;1101;1229;2488;2711;2712;3247;3283;3514;3605;3885;4208;4374;4393;4605,5;56;191;230;250;287;426;467;909;1190;1262;1410;2880;3133;3134;3734;3775;4049;4150;4465;4882;5070;5090;5338,6
Q9Y4L1,,,3,4.9,111.33,,0.0,20.375,2200500,1169,509;4461;5088,597;5166;5890,977
Q9Y4W6,,,2,3.0,88.583,,0.0,13.236,672840,1170,3276;4397,3768;5094,5919
Q9Y5S9,,,4,41.4,19.889,,0.0,30.014,2094300,1175,73;811;1859;3342,83;937;2145;3851,124
Q9Y617,,,13,47.6,40.422,,0.0,102.19,11043000,1176,204;326;425;524;1242;1276;1462;2143;2865;3494;3733;3998;4550,242;383;498;614;1431;1466;1665;2473;3308;4029;4294;4599;4600;5275;5276,383
Q9Y678,,,3,5.9,97.717,,0.0,21.965,2928200,1178,2208;3886;3921,2550;4466;4510,4082
Q9Y6N5,,,5,19.1,49.96,,0.0,34.03,2646700,1179,1899;2219;3567;3604;4909,2189;2562;4106;4149;5689,3487
Q9Y6Y8,,,2,5.9,111.08,,0.0,12.446,1021600,1181,1600;1894,1838;2184,2910
